,lat,lon,pizza_shops
0,30.090969794182698,-90.19388668922201,1
1,36.183569340836996,-96.14004673852571,1
2,33.426117429587805,-95.5700069138195,1
3,35.0064087187034,-109.61971235154789,1
4,30.97829000371673,-104.58292602005275,1
5,38.32075907175003,-95.27535332938743,1
6,33.96682901867626,-93.55253798911521,1
7,30.552421698693408,-99.88225785910534,1
8,34.48998237428627,-92.28323894814187,1
9,36.17410607935605,-91.04737052248223,1
10,30.199895716891678,-108.34203516544032,1
11,38.55904501373929,-90.13366748506242,1
12,31.419325884256487,-106.05094784060097,1
13,33.975835674460264,-103.57937929246414,1
14,34.21924064432336,-95.03140196173571,1
15,37.05729147379288,-92.37496215511182,1
16,39.9428643601418,-107.71948670775755,1
17,31.100379632110304,-92.77849263621108,1
18,31.894936355324713,-107.37459606960208,1
19,33.67109473689367,-107.63580166439615,1
20,33.768278564742396,-104.87949051921544,1
21,39.51650295967388,-107.84647676064264,1
22,30.466533387247033,-94.08093868815968,1
23,32.48581501025986,-99.00768809324711,1
24,38.11276125364183,-108.05567811090137,1
25,37.98792046871501,-104.7945520497091,1
26,37.45035511762818,-92.06153687675472,1
27,35.38782332907625,-99.4423307162481,1
28,36.449164518687695,-94.60413704124997,1
29,32.25909078080268,-95.002692181129,1
30,35.96583645847373,-103.46155081042643,1
31,37.2126033565003,-103.61617412816669,1
32,32.42335895140362,-93.10155892274916,1
33,32.057730212687346,-104.02347466998346,1
34,38.64425932331083,-103.13223391372593,1
35,35.72084325900822,-108.13776962073473,1
36,30.578269980532685,-91.70715940588983,1
37,32.369939744607265,-107.98180998427203,1
38,33.01586112035953,-109.07097806039135,1
39,31.68977716068533,-105.06333412958479,1
40,35.201011262533164,-108.8249078424895,1
41,30.73007018913352,-102.05363771771012,1
42,38.828507006125164,-100.42172496388233,1
43,31.196130243416626,-100.9762487465627,1
44,35.75062646423458,-90.93567130667367,1
45,31.007236428868005,-100.04571703059788,1
46,34.75095021757825,-95.42806932789958,1
47,32.86148658228973,-101.34896724290998,1
48,35.504986439385924,-106.39865659803624,1
49,36.023055206884784,-103.88315455776747,1
50,34.83859931870926,-93.58547861703013,1
51,37.173300326342584,-107.94767035900801,1
52,31.134693159527334,-101.32272551364292,1
53,38.28832801433874,-97.98072341666689,1
54,33.295783135096535,-104.38829173384164,1
55,39.17292913796794,-106.9520371750884,1
56,33.672215532068066,-95.94691499067171,1
57,31.118207839717275,-94.4078824365717,1
58,33.12348682897052,-90.18544448245943,1
59,33.027413628234974,-106.23372597160053,1
60,35.61990634672752,-90.87599794691934,1
61,33.05976804493847,-98.21851722297316,1
62,35.51879876774728,-90.82042742345642,1
63,38.36784164120449,-105.84430010459656,1
64,31.836619074469507,-109.65634528974934,1
65,35.64927237106671,-91.29928898956084,1
66,31.66074462494767,-103.60370502900774,1
67,36.659756707278696,-91.27587562683962,1
68,30.17979629836082,-96.15474811782059,1
69,31.098135245132827,-107.83643709821362,1
70,35.7557717916714,-95.57978551217218,1
71,35.10290984810433,-94.80437234534584,1
72,39.674538726690045,-95.97703573626154,1
73,35.51194005016523,-98.26692130833436,1
74,34.38494486661576,-91.68508748696787,1
75,35.49102715037605,-90.00130803630232,1
76,35.92145400526496,-93.06966901706473,1
77,36.90965748674703,-92.16569050771135,1
78,38.708371576602865,-105.65479626577229,1
79,35.26840011862148,-105.96202382866656,1
80,37.53272431172371,-94.40619716734916,1
81,33.7825957037582,-94.87826751275716,1
82,32.853711863449625,-90.41581830929583,1
83,30.529025718006707,-102.95761483381919,1
84,33.23085609312558,-90.16727589146055,1
85,39.21794439160312,-104.68859495898195,1
86,36.36764572495699,-96.88791017101028,1
87,37.1247173747444,-94.64856519772788,1
88,38.579284836442866,-92.33425989286347,1
89,32.53863249225546,-105.33715047352418,1
90,31.480763365081604,-109.8700809316714,1
91,30.49928074338472,-100.6001893041402,1
92,33.467903306963876,-92.34403675473274,1
93,38.6316436568716,-103.8669115861756,1
94,30.338429272663173,-101.20677840847144,1
95,37.86911062488865,-99.06558862718248,1
96,30.974716690313137,-102.60810992126201,1
97,31.57054295507119,-96.22112776441698,1
98,31.704421876849935,-103.67080276225812,1
99,36.35035707440539,-103.13444616834839,1
100,32.52334834231142,-95.3444771376259,1
101,33.738972443769626,-109.05962955816027,1
102,33.3384947770944,-102.34162897521288,1
103,39.02325926612051,-105.7709845373651,1
104,37.94371982930375,-91.74533369670068,1
105,39.22546988205298,-94.47837984483121,1
106,33.29843225609787,-102.61114344829747,1
107,33.67120633483957,-93.48836988078394,1
108,30.500005845342834,-94.53445829629817,1
109,34.893439030030564,-101.12193217664849,1
110,32.49534525100658,-108.13940375995716,1
111,35.48708665294811,-108.42628160929428,1
112,37.07472132904995,-102.99949047400135,1
113,38.74195801755073,-108.62637339908487,1
114,34.003020412168524,-106.45177116486782,1
115,32.874430177503854,-94.67713052191641,1
116,37.87064693122787,-94.26447745958798,1
117,39.051064170167436,-104.36210290802092,1
118,39.831228149689906,-92.69372677726919,1
119,33.708567026275276,-102.38608205804836,1
120,30.748991527895473,-96.29835760783959,1
121,37.57654437948751,-108.93220300159544,1
122,35.99923603537961,-97.39637903780937,1
123,38.99915302816529,-95.71446958856104,1
124,39.13993063190006,-94.9893096573214,1
125,37.60270355939244,-107.98557287644013,1
126,38.65868047791074,-101.49938820313615,1
127,34.258928882355896,-92.23340997518288,1
128,38.87730614243619,-95.74141621119031,1
129,33.71241084863584,-104.98309511047059,1
130,33.88991588974079,-95.61262055688033,1
131,33.93118079106138,-108.1569383974174,1
132,30.514761875762353,-100.90861015016453,1
133,32.3850005873558,-106.42568023124815,1
134,37.6928907581017,-98.664820127022,1
135,31.18948181861247,-93.1087071729064,1
136,32.19170790087559,-104.79713368080132,1
137,37.25976738900073,-106.71102378052463,1
138,31.05795764350372,-101.99594966098068,1
139,38.783843077957215,-97.21020883681726,1
140,35.71514328930824,-99.86219111357225,1
141,33.201517750805856,-90.94793561552446,1
142,31.621222586017605,-91.2736548559077,1
143,31.70084848983274,-95.05859491021697,1
144,31.302113402466574,-109.78691996311036,1
145,38.88212912972966,-103.69188849074064,1
146,38.58893406249342,-103.34382225596765,1
147,37.46449974171034,-108.42850905989056,1
148,35.345989884052905,-106.3803939689969,1
149,31.744069165226325,-94.63398107766335,1
150,37.33577041862939,-93.9059988349614,1
151,35.149746196898654,-102.78780989557397,1
152,33.05385473537919,-106.21660591073741,1
153,37.37236613995971,-96.73448846638969,1
154,35.417788347920634,-94.95300951045999,1
155,39.697356096835406,-93.82743512681121,1
156,39.72574695277539,-95.38346805791966,1
157,30.049847669822963,-108.34213096152584,1
158,33.30238548960072,-90.6569987877175,1
159,31.872853875646317,-90.60361724280287,1
160,31.218989381989434,-101.7727634985004,1
161,31.63380493665636,-105.85683764051869,1
162,31.011708221856864,-90.51140716729586,1
163,35.34606312062234,-109.71003323164675,1
164,30.82065033534346,-109.84425598513047,1
165,35.993516533063655,-96.13991956481213,1
166,30.428647197096545,-97.72987042316934,1
167,36.024614764689446,-107.04205703368314,1
168,33.97910449893965,-94.80555407165554,1
169,36.184246225569346,-97.19981327361808,1
170,38.916788149923995,-104.3662893347519,1
171,38.09643842727025,-103.9633322408981,1
172,39.791220059788955,-93.42934132980861,1
173,34.26831598726281,-99.59178206347634,1
174,32.59192271545573,-104.20129421061309,1
175,36.549488470116415,-101.95415989027524,1
176,33.992156366447226,-98.86497672067767,1
177,36.438120671403546,-93.71897241007109,1
178,38.30867546062108,-100.54481320481982,1
179,35.69278900145176,-90.49254671407792,1
180,30.25013248801711,-106.17339082198905,1
181,34.952716606791256,-107.16268705031139,1
182,33.01424563567897,-104.53668372197065,1
183,33.92973774233466,-106.1223355233823,1
184,37.03670573323176,-103.54948603723642,1
185,34.32365681816013,-97.03309382534843,1
186,33.40730700334646,-102.02417605550598,1
187,39.11404243505775,-109.84796070135023,1
188,38.1811765906985,-92.39452187984315,1
189,31.23319298710482,-95.63653562801366,1
190,38.95089415148591,-100.03650511305698,1
191,34.85167076512187,-97.17494320193038,1
192,30.787151169460003,-92.9669008381025,1
193,30.15422103769703,-106.17866919798978,1
194,34.92752576511748,-99.94145397059067,1
195,39.17761957032549,-99.00464751288374,1
196,32.961274707122236,-92.74819848528291,1
197,38.69969270447201,-96.0657111650143,1
198,39.77024917494091,-104.41929311562797,1
199,36.695821170985475,-96.52020934977787,1
200,36.40536821521621,-97.47475162169573,1
201,30.381849964224195,-101.30501480469887,1
202,39.080891463664955,-100.86075415008372,1
203,39.940084808941684,-105.84282690109197,1
204,36.13239476927997,-91.9731470245799,1
205,35.653018390619366,-93.33577305914017,1
206,36.257471881349886,-102.44620004524167,1
207,36.8024354131547,-105.06360432424532,1
208,39.13399934371927,-94.66911242548971,1
209,30.87019151754002,-106.08265162671833,1
210,31.31395968412809,-107.35424608507418,1
211,39.362556458766505,-109.03722104608639,1
212,31.829010468583604,-91.60294104059534,1
213,38.08273146933483,-91.14467279187393,1
214,32.606243211003346,-95.11525943423837,1
215,35.48063360875368,-98.18394094978672,1
216,38.36602741048054,-108.76161652866952,1
217,32.83774780712741,-95.56260192184047,1
218,30.388146069305787,-91.05912533127477,1
219,33.3711629883634,-109.93067543133391,1
220,31.164965899900587,-94.91570027166031,1
221,31.608576472890114,-92.61488485943723,1
222,37.34799543739501,-91.08279924674298,1
223,38.775654421215926,-107.53229913966568,1
224,30.581303922574204,-104.04460623938928,1
225,32.744926861940144,-102.19930622808994,1
226,38.04149465872008,-107.72369500806941,1
227,36.19671542634908,-91.751522918872,1
228,39.71642760176312,-99.7246858534395,1
229,34.7830120285235,-100.65974345456908,1
230,35.22513185383874,-100.35480806406939,1
231,38.265169944718075,-105.26944553343108,1
232,30.182080982784505,-108.68670111464726,1
233,34.58132084226914,-108.41807347678154,1
234,32.016108818253166,-109.58289724106722,1
235,39.14503484499271,-98.19130374294717,1
236,32.03129541792988,-107.70349815620739,1
237,31.95596078925892,-98.51522643863612,1
238,36.59051561084609,-102.26478652122948,1
239,33.093359101554626,-93.14948053604125,1
240,39.126411408570924,-106.0878384486416,1
241,37.986498478928226,-100.80639815302979,1
242,38.67655553929396,-105.88250377513411,1
243,32.10975582147189,-93.60594964254071,1
244,31.696333850524734,-105.11970681596435,1
245,36.194928148489566,-108.79051751266935,1
246,33.1174366195198,-103.71077797300859,1
247,34.69195254725377,-97.08622531943753,1
248,38.518989469438026,-99.6571403848538,1
249,31.40433142054652,-103.67335956140423,1
250,34.32416171303721,-93.96850221245293,1
251,30.613612063557362,-100.27474344258223,1
252,36.292579218842285,-97.97288104550077,1
253,30.171291004666838,-92.6805713519808,1
254,32.53090709783524,-93.31627302103406,1
255,34.05014139445544,-91.796885136221,1
256,34.27665313503647,-106.9138387393332,1
257,39.41138392767929,-98.92664896643655,1
258,32.30458876368128,-106.06626634597967,1
259,33.22202507610363,-97.45582677590764,1
260,32.44897757567816,-98.90998204379363,1
261,35.089209769173564,-98.44221683504904,1
262,32.51519841255955,-97.33583049710187,1
263,30.70473190740806,-106.62129406207175,1
264,33.90402412144587,-99.20590480898329,1
265,32.67818474517183,-94.4238598631854,1
266,36.238039509403656,-108.91775604149454,1
267,35.336056880308405,-95.99614155297427,1
268,38.15696226890862,-108.36096510042269,1
269,33.787411973126616,-102.93847013856745,1
270,31.329204411895837,-104.06285442926503,1
271,32.676408925572,-96.40534282828335,1
272,38.133978169191806,-91.55836475085786,1
273,32.69964154120003,-92.11061167551958,1
274,34.76506874117373,-103.76080062741977,1
275,34.52975458881422,-108.52174673552705,1
276,33.01277224503552,-97.80957916888391,1
277,35.61903579776059,-90.51981795108519,1
278,33.86473065203365,-94.05125904943974,1
279,34.03643659920753,-107.53392098231616,1
280,38.11083909754445,-92.2393534948391,1
281,36.55008448456068,-108.27337563438539,1
282,38.494037394637125,-91.08903940723759,1
283,31.066549834623203,-92.49540285473456,1
284,33.84815130850842,-100.79767723113926,1
285,36.50513623350987,-106.98654786026046,1
286,39.20262614880552,-95.6670733851846,1
287,35.08880136911019,-102.98758354728031,1
288,30.71160176355794,-91.97421875108407,1
289,38.89271865449772,-102.87759148168448,1
290,31.906587616448018,-91.02401523249279,1
291,38.79097172637783,-103.73193542152096,1
292,34.31680815692895,-100.3712807914324,1
293,31.570572722428945,-97.25163356840424,1
294,39.129179767846146,-91.66176846844829,1
295,30.359165040553474,-102.33500358976961,1
296,31.976117593996875,-102.90809490384554,1
297,30.402475064152494,-107.0032291169725,1
298,32.82162383625982,-105.69108694264334,1
299,39.31764201191475,-99.70035286059692,1
300,33.52426608895946,-109.19984947914078,1
301,32.77304533594245,-99.84390462151484,1
302,33.95480657464887,-109.34207380970676,1
303,35.620718761808774,-97.65147418149195,1
304,32.41385358497213,-90.77530446203217,1
305,30.564265136527467,-109.90117923517553,1
306,32.84887164752049,-96.17152752646763,1
307,39.40178234554561,-93.01623163173893,1
308,32.07711431261724,-102.88946035890675,1
309,32.64390614205528,-108.43718978716164,1
310,39.666507401756164,-107.02413857782145,1
311,33.30797951369029,-106.25200013585348,1
312,31.13573774680829,-103.40929241692452,1
313,30.30435338350282,-107.84920196428423,1
314,38.480581213114505,-98.35718655813444,1
315,30.972455866687195,-96.76063612266968,1
316,35.78229215413683,-93.29406470055909,1
317,35.292400871772536,-93.34142918725486,1
318,37.652839201527556,-107.63422596023,1
319,33.676897834248166,-96.29279449702014,1
320,38.09244261842211,-90.12754779114452,1
321,31.71136495942011,-108.3780053252485,1
322,37.674188558141154,-105.29598529717644,1
323,35.721437821348616,-95.97222583559206,1
324,37.16951961057413,-95.15391512431714,1
325,33.86748142002816,-96.1933118845089,1
326,36.779616048907194,-98.37852971165906,1
327,39.62071154526818,-104.90825483026072,1
328,30.908260797850467,-101.17297425379154,1
329,33.23105482085076,-103.86242963277766,1
330,30.940155900716146,-94.55792218235933,1
331,38.48857378185609,-93.12413470082008,1
332,36.88003458246048,-102.41708463265147,1
333,35.10748911039774,-96.53305667888583,1
334,31.475172283673405,-95.56636139835176,1
335,38.19370406750233,-91.0586772560583,1
336,36.06880943313585,-92.11089381544606,1
337,34.77920773811112,-93.20933587587855,1
338,31.525802710136112,-104.20584195872505,1
339,34.841269393131796,-100.70497607007053,1
340,39.299946037311734,-91.1995214732014,1
341,34.664183396711955,-90.81910735775566,1
342,33.249982754156825,-109.28204416794236,1
343,37.78863515191965,-101.17913106542908,1
344,35.17058173992481,-94.85029975534997,1
345,34.421672693190104,-97.2837243267683,1
346,34.88222602982534,-98.50919697204482,1
347,36.79028529905553,-96.52444166221088,1
348,36.31766341691769,-105.49396746015235,1
349,36.41740978517783,-104.9274338924718,1
350,30.510674872256132,-103.78256235478915,1
351,39.15796004134073,-95.49099403537029,1
352,33.37084261846572,-108.05049352484596,1
353,35.82246624846053,-98.23237418232834,1
354,32.404036606095495,-94.65074024231019,1
355,33.22192473808074,-98.92495993334397,1
356,38.09358176381131,-90.13824344226552,1
357,32.505567201635294,-107.96029400458185,1
358,32.746464878748455,-92.72482079092825,1
359,30.93325853189488,-92.74115121464328,1
360,36.939528406474025,-101.30830163628126,1
361,36.624625171940764,-91.19847638737583,1
362,37.920865251658554,-90.2817313035314,1
363,36.44285749757519,-93.02472381129466,1
364,34.30320281260806,-99.9954308638701,1
365,33.75032733328556,-90.77219274727464,1
366,31.445834570854522,-92.63704651817794,1
367,35.5072006774462,-106.91876210282894,1
368,37.19863936070534,-108.93858271562209,1
369,30.892395840127953,-101.7078723135878,1
370,32.2500738709533,-105.63622944943333,1
371,31.92274235766863,-104.38132297366309,1
372,33.63153268977439,-109.7842422088908,1
373,34.047842598089744,-103.35032188283525,1
374,30.054654526561045,-90.15866688842374,1
375,31.531907014155323,-104.99154014937703,1
376,32.150707739141204,-101.5641568671012,1
377,36.118456745512944,-97.57579959693012,1
378,35.61807856236647,-100.43805264673111,1
379,38.8236719243731,-96.34521917380145,1
380,32.872207298039505,-104.49684725744399,1
381,37.04226069542291,-108.84049410360181,1
382,38.36203477405207,-105.03394284453731,1
383,30.518716946785602,-100.47966706191461,1
384,39.95834896404753,-97.49055191616355,1
385,36.937834929675965,-97.39237568875178,1
386,32.599502566404354,-107.19893703185045,1
387,39.79653350853145,-92.0669507088864,1
388,38.50768174616296,-99.92556514301756,1
389,34.550496647713224,-105.86695320411616,1
390,32.10468926903777,-101.93456716124268,1
391,36.25705488433696,-96.23589158664767,1
392,39.48236741741172,-105.28820657140457,1
393,37.37830891292578,-109.14220879718498,1
394,35.49912477268764,-103.06975559723026,1
395,33.669373464578904,-102.84841599995835,1
396,37.21186712956088,-100.67703537773174,1
397,34.04137481071673,-103.55976615923176,1
398,30.340329103762336,-108.90822975040655,1
399,33.87281568470783,-109.21112254539528,1
400,39.47005222990512,-92.19217932310298,1
401,37.56197983412913,-95.40510153480923,1
402,34.38053527245978,-92.6126498661098,1
403,30.903163596342136,-105.37436257972186,1
404,34.305233974730186,-94.02536548054606,1
405,35.90388999960105,-101.09491434944991,1
406,32.826269343632156,-94.96614044294644,1
407,33.544234655393275,-102.81231822167888,1
408,31.10889809809819,-101.55047906319531,1
409,31.7471313172823,-105.76547948052921,1
410,33.68128830046093,-102.92729893953661,1
411,35.46096039331979,-99.06962868250845,1
412,37.86106498326443,-96.89682215340916,1
413,37.034167915744895,-98.66561899676326,1
414,38.13213628286175,-102.37343129443103,1
415,37.77034733920091,-105.03586800581127,1
416,38.719343139370814,-104.10605209354041,1
417,35.75522236382756,-105.39624240185017,1
418,32.46127178184534,-95.27281826909291,1
419,35.61501228971935,-106.52930876981787,1
420,31.03030818017119,-102.69406634947971,1
421,36.45518559507733,-101.0783120966865,1
422,37.72754380027425,-105.66546194471312,1
423,31.276985328723413,-105.86377120707675,1
424,39.025093221158215,-104.73521752559343,1
425,38.680566864686774,-100.10615317918179,1
426,34.011554565741804,-90.14320763259995,1
427,34.65779760058679,-106.6784361454494,1
428,30.688771558631508,-107.88552414344909,1
429,38.593900848185896,-105.44170855247809,1
430,32.48073633364173,-103.25942780993549,1
431,32.67565319291813,-100.41035234561728,1
432,36.745737649669024,-97.41909343582779,1
433,30.913570524766644,-105.07253505992253,1
434,38.90358901021037,-101.97268786072148,1
435,36.740143925076936,-105.93295128679762,1
436,38.73039453687756,-94.30174884212697,1
437,32.270019625925734,-106.25551565534015,1
438,35.51997591214665,-97.29690540961779,1
439,34.48776909851178,-95.10477850732184,1
440,37.51278093569409,-93.24599934957881,1
441,36.85366588612101,-99.81068938201595,1
442,33.83416918914697,-101.03471622998222,1
443,31.194408431166163,-92.98191501330032,1
444,32.27445726255011,-106.91631627161641,1
445,32.40243962170373,-100.87986262988862,1
446,34.99266070287028,-101.76310349361407,1
447,38.65228133628083,-95.92058975921714,1
448,34.696625437198584,-109.84860926787388,1
449,33.93814629946517,-103.80243301559922,1
450,30.132352181847914,-101.72418696346409,1
451,33.80193912413862,-90.25304501178317,1
452,38.27720616175912,-91.8478367271217,1
453,36.276668450341674,-105.94070096330805,1
454,37.418868396463964,-97.06238707626,1
455,34.61695657063552,-107.49740576672916,1
456,30.60135473227325,-97.69841761419154,1
457,37.318443621701405,-104.03038318333633,1
458,39.02247946550446,-100.96286414796985,1
459,37.93854360058653,-102.82262162958317,1
460,33.859567376008116,-109.93087867898171,1
461,39.69512246697309,-101.1710112395673,1
462,30.298678823252686,-98.14879588198359,1
463,38.08852086522438,-107.30642914392811,1
464,32.03265191032139,-96.86693119380755,1
465,31.132222740959342,-93.7466727027731,1
466,38.7903405140648,-95.87341260441784,1
467,35.225447200641504,-93.87457782257671,1
468,36.73566062618111,-98.01283527138395,1
469,35.022833304131424,-90.51756913350907,1
470,31.60974863606764,-97.63657199336227,1
471,33.93508337653088,-98.27184386028142,1
472,38.70243361631109,-93.71815900572673,1
473,38.52657441812656,-107.86295102720014,1
474,36.72468460026122,-90.34811680894727,1
475,37.68922198524633,-95.90398859483626,1
476,30.222228059748865,-98.64473691217695,1
477,38.434671204481845,-101.18241713727507,1
478,35.02801745056749,-98.30167109694786,1
479,30.002564190746206,-92.79416518233607,1
480,34.004524686283006,-102.80013529557355,1
481,30.70493934361119,-94.89863744957117,1
482,36.17842788251187,-108.02885067748522,1
483,33.209617884280625,-96.032758393686,1
484,39.95050012367107,-102.22042741844912,1
485,31.016953471123134,-98.31373649002515,1
486,30.91022947848499,-93.65057982849328,1
487,33.245168978466914,-104.09348880658835,1
488,30.932950403787952,-104.92457900450538,1
489,37.724244461251544,-91.99144635716328,1
490,36.94792893675237,-95.54594187159456,1
491,30.989523871943014,-102.68459007388627,1
492,39.59461221226796,-107.95891693863678,1
493,31.72460275332422,-92.5967725095967,1
494,33.75254493172861,-109.52467506932351,1
495,31.663476029907066,-90.69796880013409,1
496,30.587592833475032,-94.47986000559497,1
497,38.23566518337346,-100.31214882696041,1
498,37.917435130064405,-92.78883717130876,1
499,38.37572057800368,-98.27951183521435,1
500,34.88161937884782,-94.87482313735872,1
501,35.16335938246226,-93.41310839191868,1
502,37.403604449123485,-99.54456156982067,1
503,35.74808267997955,-91.11634612851816,1
504,39.87059763404787,-109.28356019807083,1
505,38.286264590148456,-105.7302186806582,1
506,31.964056823210935,-92.27313997078133,1
507,38.655244537136085,-99.90729525385808,1
508,36.19290040328019,-93.58870152464213,1
509,38.485028095430735,-94.32269768180873,1
510,39.704351201203224,-90.232418727398,1
511,31.300977150195365,-104.16133648800856,1
512,33.96215689599825,-92.82412702119532,1
513,38.288806516756175,-103.01997518979724,1
514,38.04025228055136,-92.67147735361607,1
515,38.19232018972478,-109.17852945555158,1
516,30.130549542214645,-97.64154734179942,1
517,34.87917625488439,-91.62394750961174,1
518,35.537465678994295,-109.91046409539754,1
519,30.30168409167593,-91.59579179697944,1
520,30.25711330042345,-98.13591301179017,1
521,32.52483420812472,-97.37005997350721,1
522,36.27246582247849,-90.10499803387549,1
523,38.533554009634805,-91.35448318237437,1
524,33.97931236699114,-106.02954735040129,1
525,32.73530731005587,-97.00084328426861,1
526,31.633022745325025,-99.71429857329984,1
527,38.7170664683077,-108.96164383585817,1
528,37.71707828353695,-105.87229198965547,1
529,31.29686218189297,-103.62108363917591,1
530,37.12203185385129,-92.24061356060585,1
531,34.51355067773305,-92.84497143498258,1
532,37.740425645900075,-96.38467376115862,1
533,36.07242412280194,-98.3723727426879,1
534,33.02198726448442,-92.33957339024214,1
535,36.227555578572385,-100.75551603527339,1
536,35.252655088080004,-92.3944121423525,1
537,32.19353403409542,-92.4168513201086,1
538,30.681236509813417,-107.98725913379846,1
539,37.31604472744505,-91.88258921361758,1
540,36.55457347761026,-97.09187648856624,1
541,37.42027027036696,-99.52950411634089,1
542,35.72802967546703,-95.64367816848132,1
543,34.54765089418942,-101.80174815886176,1
544,30.970758484823325,-102.59334767508582,1
545,30.541066708604014,-98.6922033270563,1
546,32.980113935236034,-90.42380035281732,1
547,33.907199746740595,-90.08340191675558,1
548,35.90310287377532,-98.77548038354796,1
549,31.92898292401123,-103.68751302566373,1
550,33.61038660405745,-95.73882957878538,1
551,39.618818322415166,-93.66282620976334,1
552,38.185826941144015,-97.85845288229656,1
553,34.344537924662426,-97.88740685518607,1
554,37.81288223149045,-109.70245871776467,1
555,36.273332330549394,-106.45225008262739,1
556,30.80789433336622,-98.75099497802856,1
557,37.47582814009816,-106.60638547868228,1
558,35.19974047566639,-108.10463567687016,1
559,33.75440505168617,-91.95239072387001,1
560,37.86379402486464,-95.80968224839789,1
561,30.883122804019962,-95.59692221059358,1
562,38.62212558790142,-98.17863106896232,1
563,34.894803079493855,-96.92323967554137,1
564,39.20507304325338,-99.81621181683097,1
565,32.65527104275019,-108.11677504686956,1
566,39.53004286715517,-108.17535587923851,1
567,37.33292175438485,-106.01695737919206,1
568,39.499076533193836,-96.99222986338172,1
569,37.701445291814174,-91.30093073848703,1
570,38.03026267217132,-99.94782425124882,1
571,30.67963884089865,-108.47291405822085,1
572,34.15695388351282,-96.73397072292377,1
573,36.68172201075211,-99.72265824551165,1
574,39.65539201157398,-108.00206172215611,1
575,31.521949930341098,-92.15273605599047,1
576,39.260315770201785,-108.20173078297007,1
577,33.80925035094149,-94.48748220170275,1
578,37.20716378092172,-107.50976890995958,1
579,31.41022158387463,-106.25802842517496,1
580,32.978961427147546,-108.9892623183012,1
581,32.97166134725366,-98.66339585744942,1
582,36.82911104355575,-94.62463936619048,1
583,30.942815914515915,-105.86957408345629,1
584,39.21084412361249,-93.42363442239433,1
585,38.91912759953636,-109.1598227028403,1
586,34.40697055276395,-107.11229914739164,1
587,32.74961894358092,-97.78998536734183,1
588,31.89873665862517,-92.62234895824989,1
589,34.85853447159038,-91.43349710745157,1
590,39.19739372076111,-104.11062069974119,1
591,34.09821384671797,-104.97387772762544,1
592,36.8042584746935,-103.50842816973685,1
593,39.65556844131391,-104.3691691996485,1
594,31.51712986975609,-93.83838790812105,1
595,39.141550595199156,-100.6258259071134,1
596,38.34875581404203,-95.20095243111524,1
597,34.90659644026606,-93.10738286205974,1
598,34.42249859181261,-107.73326514207561,1
599,34.18774923124801,-92.238655773345,1
600,35.10815788997117,-101.48218984087316,1
601,38.15598458074091,-103.73523802356206,1
602,38.13943271147044,-103.72986321253018,1
603,33.359296597785516,-103.00138453038005,1
604,31.65725678840206,-108.76109876799512,1
605,34.61091748212335,-97.2777769394138,1
606,37.012275165584775,-103.33574635031665,1
607,31.142815647281644,-104.65035071293562,1
608,33.61900163711142,-93.92543072285474,1
609,33.881708396714565,-101.9929090207263,1
610,32.088249218139325,-107.20771989134566,1
611,32.61832398092757,-109.34492175018099,1
612,39.211876668824765,-109.96098595358484,1
613,32.770002886798515,-97.79517334027292,1
614,32.860074745218085,-102.15257198562445,1
615,32.62492343387575,-105.5113777981459,1
616,36.742568121319024,-97.74878358420852,1
617,33.63121895571621,-105.11643086403325,1
618,36.08817801338467,-109.45549996502577,1
619,39.81953379145241,-107.33016239067808,1
620,39.05814175062943,-106.74261263532121,1
621,36.810359681143936,-94.4782084133953,1
622,36.04433074312679,-109.97336140491274,1
623,39.856552268057555,-96.99097581647212,1
624,38.47267333750225,-102.70284882649098,1
625,36.52432428059991,-93.12762394508931,1
626,33.621741666092,-102.3721455395188,1
627,39.19417036948323,-95.75382496291172,1
628,35.05315179250603,-99.25516442847298,1
629,36.27253978333794,-93.02463533316583,1
630,30.549238145201663,-93.60274845322814,1
631,31.803499113071734,-102.42294263618905,1
632,36.766181261752294,-99.8877910805721,1
633,37.93401709988075,-104.55712994464011,1
634,36.26985743636345,-92.07952098834929,1
635,31.140960213408366,-108.56064527857738,1
636,33.0090539120683,-102.34712813162156,1
637,34.77145992108951,-95.04038859634232,1
638,33.27800699026383,-99.95765143200401,1
639,34.18197711635193,-90.62588221630845,1
640,30.572885486197244,-103.80591664592981,1
641,33.58003375519544,-106.13799345396468,1
642,34.00477477524552,-107.75279282099663,1
643,39.73643028617028,-106.85977684177493,1
644,37.74012480031031,-108.25547243758119,1
645,33.79732895101379,-97.19018475280309,1
646,33.358764333997655,-105.40759111163113,1
647,33.43827708204181,-98.96258649453124,1
648,35.6448533109954,-99.98246423502547,1
649,39.64971228114856,-102.42771978975071,1
650,37.0312158572821,-107.92930267318816,1
651,37.06044205595737,-99.74280860710466,1
652,31.26881390659037,-91.35053645884548,1
653,32.912355631921756,-94.46519122264009,1
654,34.866674498486404,-108.24615675641131,1
655,33.182924285675234,-99.29169903829681,1
656,36.234169446591956,-94.14229618320218,1
657,36.16327679868538,-97.56167761985492,1
658,32.76630327564268,-102.76656675981896,1
659,33.77014722284237,-95.78598480782419,1
660,36.144485149749855,-90.17635144758613,1
661,39.763596310930964,-104.06793807756313,1
662,38.80503972069312,-93.30464337308145,1
663,33.88681944814765,-96.35910094451637,1
664,36.14067238134706,-103.05996136131452,1
665,34.935791185857234,-93.90881630163638,1
666,34.13997524238992,-106.67974069555963,1
667,35.662169512363555,-98.66792799465694,1
668,39.19406170834098,-96.66518838425185,1
669,34.87495297162593,-103.78748885903298,1
670,37.4149327098059,-102.71002119125995,1
671,33.83998156889736,-104.53638885420797,1
672,36.503137169027745,-90.05697148097498,1
673,32.45994437586292,-92.12965152514455,1
674,33.72586725062631,-97.8791840008465,1
675,33.7447415320152,-90.4136524133471,1
676,34.258960757461885,-97.48942988850521,1
677,37.429668825528665,-107.9296257821207,1
678,34.08020133796352,-108.70642182704275,1
679,34.11411392551902,-108.6525295047585,1
680,31.743069145695546,-94.04229085538343,1
681,38.89508452946677,-99.76220904080674,1
682,30.85402470157928,-105.73682381820466,1
683,32.66428058520582,-97.12351437965647,1
684,36.99335423241638,-109.52412946835854,1
685,38.305588484544714,-95.58487717640598,1
686,34.48341107688786,-102.20906358046257,1
687,37.537481184057754,-107.20530709593204,1
688,39.18287692628185,-108.45838300182479,1
689,39.308998358975536,-90.65579450756996,1
690,37.477030899064985,-104.22307694876018,1
691,30.535721032069464,-106.51335689635874,1
692,37.18333407728636,-108.01820279464773,1
693,30.836716197849192,-104.94881044052353,1
694,34.892358871676144,-97.9948364911659,1
695,39.33483161943606,-107.97181968211389,1
696,35.12567783668782,-95.73625996331717,1
697,35.576298567348765,-105.44285488246186,1
698,35.146363587500375,-103.94834084024288,1
699,36.686964856743224,-97.34120243332534,1
700,33.242564692035955,-98.72365673566908,1
701,32.10858386535103,-93.54034249748699,1
702,38.753737149740985,-94.25362349525666,1
703,35.401700480385884,-95.23275811466914,1
704,31.76447395879165,-103.99328403031079,1
705,38.230596158333,-95.70967028991626,1
706,32.73301214139149,-96.160427410526,1
707,30.521988137522733,-90.82616846094871,1
708,36.85782907277611,-91.47464148666033,1
709,30.719375638942875,-105.59488536039342,1
710,31.031216373854992,-107.94934426903382,1
711,33.9273441940262,-92.24502592622189,1
712,33.87000280209902,-102.57067323284444,1
713,36.03163385974664,-99.16162261532425,1
714,32.58774205118439,-104.23578609203209,1
715,35.9743281619995,-91.42859152489268,1
716,39.07353020232302,-95.5984915950177,1
717,36.977278891805966,-93.44475764764738,1
718,35.47738698826032,-95.64715812031666,1
719,39.09816566234976,-104.85403017854703,1
720,39.5271765298245,-91.63374499348802,1
721,38.897788268985494,-101.86043651035676,1
722,32.65562669365883,-100.4447168000588,1
723,34.121935707903,-96.2340697019971,1
724,38.043284817323475,-104.24357457319219,1
725,30.544060128994854,-93.93021903948872,1
726,31.903018760640116,-90.29119766290977,1
727,31.553210567590323,-104.51885135997539,1
728,38.088308035383065,-90.1183473476541,1
729,31.98079739479729,-106.8538979467095,1
730,38.912325146432146,-91.84197178755453,1
731,30.85798838614059,-109.67110053724578,1
732,35.25657513270916,-94.89387933113265,1
733,39.428148819218,-92.39969599954699,1
734,32.2350140593682,-108.57344719221472,1
735,35.99100205721292,-97.77053712861985,1
736,37.01762992080134,-97.81123486538355,1
737,39.16929435587963,-92.4571732447004,1
738,38.42034797913991,-103.94957574116496,1
739,32.20092375811693,-91.67224461284293,1
740,35.22679409637547,-102.72754133712479,1
741,35.986588052472655,-101.62827771327221,1
742,32.91211796048381,-95.68908819344432,1
743,34.423406638022506,-104.76036215730221,1
744,33.901034806612124,-108.2312293290386,1
745,34.35273035726927,-106.63646749439614,1
746,34.34467195453802,-92.03366299528938,1
747,39.26107568802398,-105.37068077629209,1
748,30.603420912958597,-108.51522958786606,1
749,35.386934715125285,-97.3421889414431,1
750,35.96689666400855,-107.53976497572442,1
751,36.54971380646396,-98.52344424078059,1
752,33.79573399259682,-92.25437067790946,1
753,32.25971591875977,-95.9103879621418,1
754,30.427681192411896,-109.41660554195393,1
755,30.536023709745905,-101.10282350918142,1
756,34.15944651768352,-97.15124010035754,1
757,37.47596326333661,-90.05678038726202,1
758,34.12991140720566,-90.44219156698885,1
759,34.04272703583323,-91.94401299913537,1
760,33.4073083085839,-100.44416225548613,1
761,35.16801355204894,-101.94565896246581,1
762,33.461326721365865,-93.32952667117118,1
763,34.73710868191011,-98.20594514829004,1
764,32.409036400866995,-99.42014358088717,1
765,35.040899451605945,-102.56910410256317,1
766,32.63835246157818,-106.80498727923407,1
767,39.66666632001004,-107.96777227827121,1
768,38.0245324337221,-108.35586352142332,1
769,32.967967047323086,-106.02271276226355,1
770,33.968885125916266,-90.09828179761868,1
771,39.071238413417326,-103.38493470612597,1
772,32.66861492569684,-106.43331743923702,1
773,37.58520379854053,-103.1607557328919,1
774,39.296229311203994,-99.64329688753074,1
775,39.26023829173643,-97.72520978304844,1
776,33.294659441536545,-94.54295727837982,1
777,30.523720101328678,-99.59491216448824,1
778,37.163786153995055,-90.67423619243021,1
779,32.194311822312216,-100.23885352548649,1
780,36.42281658451461,-104.0230197751508,1
781,39.012980590259474,-97.17992252759511,1
782,36.75655948004932,-105.83935042722672,1
783,34.38010213516893,-97.76095830240627,1
784,33.21009107600214,-104.2847605243849,1
785,33.43253860909362,-107.6011773126312,1
786,30.42505529771406,-100.13755172134425,1
787,33.08426943026396,-91.72993395451684,1
788,31.123919472160487,-91.83274878196002,1
789,34.934821403696695,-105.55394977032853,1
790,33.71683356612604,-93.65247015892764,1
791,34.97553671635846,-102.36668375541699,1
792,30.266233079652498,-92.51933577601184,1
793,32.007360235359,-92.01411445193841,1
794,38.34197091315922,-101.6360467169432,1
795,30.85707030955703,-106.77291172485711,1
796,33.0582007984389,-103.93056921638818,1
797,37.83594617376946,-94.20282470137661,1
798,31.246970828360958,-105.12556671419938,1
799,38.132104148412004,-108.68477542930441,1
800,36.00874366259466,-101.78059249819512,1
801,39.18432266969402,-93.63676962787852,1
802,33.72166244921171,-98.40447311540908,1
803,39.30434879370558,-107.45311938839885,1
804,34.02593123012683,-92.31494357778601,1
805,35.83775939205285,-104.84902757902722,1
806,30.76891841710324,-94.86304197496385,1
807,36.91023640588714,-103.58454182740971,1
808,38.18302248087197,-108.93995323727289,1
809,34.45982882463787,-109.50667837652051,1
810,31.08184684899428,-90.69529127471323,1
811,39.047832747265375,-97.76212876341853,1
812,39.54506674372374,-98.88888456431353,1
813,35.93345838526768,-104.49959782347938,1
814,33.412746949439445,-106.37812788380852,1
815,38.452775960255146,-100.87052988341418,1
816,34.040687697188226,-90.36145868203776,1
817,30.722487432338397,-103.69607852432672,1
818,38.22021297859377,-106.39496633288157,1
819,33.71983306608788,-90.11699707910111,1
820,32.042480457276135,-105.0956197912827,1
821,39.46529430179426,-97.62177034729143,1
822,38.23745200839897,-103.6477093042279,1
823,31.383099392131136,-103.18877782790354,1
824,38.53434696251182,-103.00415054329484,1
825,34.46932398290362,-107.82708161234085,1
826,32.897914865918,-109.90054012960917,1
827,35.162775979307206,-109.91922123044338,1
828,31.126384732738664,-96.20395049292812,1
829,30.375152252029824,-101.8065022778404,1
830,31.674225501373236,-101.00959970843502,1
831,36.10140568219856,-92.07717387014404,1
832,31.000660509213255,-95.42094626109487,1
833,33.46878146313367,-99.41505746668409,1
834,38.74473047585685,-94.09885187246897,1
835,38.80091661097272,-103.5609840013253,1
836,31.941956971412615,-105.51927456236,1
837,31.96109907736713,-101.64520362819957,1
838,30.089740625157805,-96.25846719206022,1
839,37.529907591521855,-94.87586261191242,1
840,34.528655785828484,-99.65064680563165,1
841,34.5287988553474,-93.3453048459985,1
842,32.04509170676057,-102.01995472600676,1
843,39.44938269603871,-91.81998897895602,1
844,35.47486328990512,-101.5329420575713,1
845,31.26277870166264,-99.48833336416135,1
846,37.27520364012128,-101.85918602445656,1
847,36.8354074374507,-105.52050830803151,1
848,31.31927270941083,-98.22582498873429,1
849,38.63233430528535,-99.33540188402968,1
850,38.00111665447603,-105.06364271948942,1
851,30.16628644806049,-107.89015378204759,1
852,39.713815150759416,-108.51093840411968,1
853,35.08873080753758,-98.94278619869988,1
854,39.354527502347864,-96.39844573259914,1
855,35.64321182559956,-92.69443060423457,1
856,35.49719819708893,-97.41302869306986,1
857,30.132257406374716,-98.42698202637055,1
858,35.78653666318467,-93.14597213626672,1
859,33.19689990552366,-99.13401877533558,1
860,32.437145558288464,-94.31958985897313,1
861,39.121570279157794,-95.80147804134275,1
862,38.31133015553958,-97.08877841736702,1
863,30.651743145284367,-96.11225605485197,1
864,39.86370730439805,-108.50984602929299,1
865,31.159937894424935,-93.815382418568,1
866,39.47439326997327,-98.0074157532562,1
867,32.58830050770339,-109.06383130538674,1
868,32.27654414382597,-90.91736359217674,1
869,38.99040333268127,-104.08696172083015,1
870,37.514941221411334,-109.79842739408925,1
871,31.97961629989496,-92.64287799557084,1
872,33.3109942509188,-94.54368804188906,1
873,36.98779586771214,-101.37668105019225,1
874,30.668760735402337,-93.04984830695348,1
875,38.57116977956212,-108.3247796079078,1
876,31.79184342647587,-106.4768722568256,1
877,34.12213974860856,-96.99640677245215,1
878,33.50985859810495,-102.28910933735442,1
879,32.89878950339616,-107.99451570240322,1
880,30.6032801161672,-104.81573217252571,1
881,30.01917793239044,-91.23931120790566,1
882,33.64427629631114,-91.51152635510745,1
883,36.002494207648,-106.93195812250772,1
884,35.24887951719018,-91.8009744510713,1
885,39.708899464154506,-97.50850748633613,1
886,39.84208594531787,-93.25000058592568,1
887,36.830246587079245,-106.98933463412752,1
888,32.773852866076346,-104.32365052376218,1
889,37.488304424592,-100.50385089465927,1
890,31.65850675459566,-109.87307393626567,1
891,31.91580599248813,-95.5872783998388,1
892,34.42661232828448,-93.16939845697644,1
893,30.228100599704376,-106.81818070217908,1
894,31.821591400433903,-102.89790059929615,1
895,33.71863126142698,-97.79308107050394,1
896,39.113049451289385,-95.08226064917558,1
897,30.692707881692098,-104.5526369391282,1
898,39.04095654140792,-90.71938721967378,1
899,32.44342417459976,-101.8766532388955,1
900,35.49132616302564,-108.3280783680903,1
901,39.847840150992425,-103.76785360691859,1
902,30.1296633026705,-93.14301635106841,1
903,38.31378743083596,-100.44623479657514,1
904,33.34278483355411,-107.60479969531356,1
905,31.324727912228465,-97.7301863055782,1
906,37.20173601170179,-106.46569151045084,1
907,30.18873350785958,-95.11833219209733,1
908,38.8238268571608,-94.37431513367873,1
909,39.847196189382444,-98.14981743368297,1
910,39.63305818987744,-104.67192601022967,1
911,36.858418221651846,-104.16110225858371,1
912,34.424124292165075,-104.74741299562045,1
913,33.227029745625316,-94.50812000038887,1
914,31.32814520459265,-101.05295524774968,1
915,39.11289875384178,-109.01771045801559,1
916,35.41302270044171,-100.8581464276211,1
917,34.87723262475476,-95.34919601563843,1
918,30.856140540329562,-92.6378618572531,1
919,31.223028759336213,-94.59907820173649,1
920,35.36468602694144,-100.9607327938653,1
921,39.63104854646168,-100.67376248185951,1
922,39.63832896195378,-107.45689318018175,1
923,33.71200542891019,-100.22959442736293,1
924,38.62388915919341,-107.62800138070146,1
925,31.73207754936558,-94.30060634828554,1
926,37.98012063345948,-101.4561324495275,1
927,35.79498808223387,-100.51149750721892,1
928,34.10677045176099,-94.74176144968122,1
929,38.688197418308356,-106.11129282350613,1
930,33.85364578927782,-100.00788426682928,1
931,36.359310644014506,-95.84470882520695,1
932,31.311526352535132,-102.70645701794551,1
933,30.56966193710353,-93.56711122850865,1
934,32.04112959878495,-105.47753212919721,1
935,33.88478098230413,-92.27524610865896,1
936,35.30807623111595,-96.8605969992516,1
937,31.899406801887075,-104.26968858010329,1
938,39.8074906432198,-109.40750681206939,1
939,32.38336031816478,-90.09075855502503,1
940,31.404653751632804,-92.2530056277436,1
941,38.08784696094779,-103.63534964694978,1
942,37.05766770013627,-108.66293400964426,1
943,37.07885192822926,-105.11660634064755,1
944,31.26210337393846,-101.72342845283197,1
945,39.53193524192047,-99.29141785579436,1
946,34.61411675973808,-93.52127501464709,1
947,33.34940660329143,-102.61281952417528,1
948,32.97459765772477,-95.98558564787879,1
949,33.49998770340111,-99.19861671135766,1
950,36.528494994784566,-107.9259860976309,1
951,34.432194913934445,-101.77936010417437,1
952,37.76804141352682,-103.55996653085231,1
953,36.96231012137808,-102.49065953412669,1
954,39.3444216062835,-90.26558900217634,1
955,36.30034587934819,-94.32499821136625,1
956,30.395675477877035,-101.79155814647503,1
957,33.06728589732286,-108.09759936174815,1
958,38.64797530651267,-97.88118789232158,1
959,37.451186277738984,-100.82578427975548,1
960,39.08990028100917,-109.70568678019,1
961,33.4969728076382,-101.75009191185427,1
962,36.002657469925836,-97.20323158048365,1
963,37.14803825559824,-95.83809849611544,1
964,39.52891751608521,-95.43673557182223,1
965,30.76796738794746,-99.2819099773541,1
966,32.63889320826884,-90.1319327103111,1
967,38.66004678840727,-109.75423797501024,1
968,35.44208546729571,-95.77964970943822,1
969,38.815489772778925,-94.73170945283415,1
970,37.68741115160461,-94.66387180402528,1
971,36.49009439063741,-98.97358704905311,1
972,30.59079477738522,-92.82034219472344,1
973,37.893317269406374,-108.65588335862553,1
974,32.93074972401507,-106.96180899668992,1
975,32.45858029799999,-105.53196220635348,1
976,31.977423312243722,-93.70763301571613,1
977,39.663882471408535,-91.35969758166907,1
978,33.6260615127357,-107.55274332963016,1
979,30.176455617964983,-93.36977094389657,1
980,35.521002547702075,-96.99670320841646,1
981,30.03975260651537,-106.35719338104812,1
982,33.33991659012295,-102.32104338903049,1
983,33.16168389673006,-108.29053555968201,1
984,32.93432142085298,-109.26010684869044,1
985,33.87387631623931,-105.4683661356711,1
986,31.156012103647157,-98.77785189618389,1
987,39.149742385749875,-95.20008818364934,1
988,38.022809493747204,-93.24762836055943,1
989,34.02140131628655,-107.69812439164075,1
990,36.350904542295446,-107.86360673811552,1
991,38.20342011153097,-93.20812492049373,1
992,32.6774488330367,-91.19604944650577,1
993,33.99882816441026,-94.48811039312854,1
994,34.48962893882725,-108.27617452116121,1
995,35.89606037795573,-109.46809132797696,1
996,36.2925509370757,-92.38857712389124,1
997,38.471733809631814,-90.20159228891421,1
998,38.952661424317355,-109.9294133876942,1
999,33.400418620911516,-108.40561687815459,1
1000,33.926146039200646,-71.13248696850901,0
1001,36.41807015137418,-74.48190437137407,0
1002,38.04975065219111,-87.23975063177951,0
1003,38.24158639179262,-74.77003015012161,0
1004,38.06564136188166,-82.63778590408553,0
1005,34.85823285924447,-78.64172358278988,0
1006,33.092253738393396,-82.30863429762873,0
1007,39.559611006332034,-73.72067035330258,0
1008,37.9588730028472,-88.1307796584934,0
1009,32.59355803187121,-70.24937303068627,0
1010,32.004476509233626,-70.33638071137283,0
1011,38.4453472542259,-80.61329570125837,0
1012,37.20676963099228,-80.63662774523533,0
1013,33.48120942111607,-89.72962048241055,0
1014,31.15758353779393,-75.65479704232642,0
1015,33.49862560882195,-82.027445841734,0
1016,37.758172677748504,-84.3340602376468,0
1017,33.191331921803815,-71.36373458830029,0
1018,33.750539803380256,-70.34784081423572,0
1019,35.19588556245621,-73.97715960054663,0
1020,34.30352287016204,-76.61987773980378,0
1021,38.059383473769714,-70.52381224959814,0
1022,39.86663543789626,-76.37509625185122,0
1023,39.6156134696454,-87.05520902978928,0
1024,36.151300723428434,-83.00424320382007,0
1025,39.20239901777037,-73.8528883189019,0
1026,36.82872146497816,-86.7711163200011,0
1027,34.229387895689364,-87.0187448358619,0
1028,31.21932576995267,-70.28442296128878,0
1029,37.98922113454519,-83.97827594628811,0
1030,31.992619485272584,-75.69351134695779,0
1031,35.99287269785255,-84.08530528527422,0
1032,31.89178665207892,-80.94061541010528,0
1033,36.55973960121515,-77.98144879917663,0
1034,36.13048956920946,-81.6562480882938,0
1035,33.40757927506422,-84.1883632492302,0
1036,39.69449695624695,-74.52562411241671,0
1037,31.791497380424943,-73.38766086732556,0
1038,37.68026257229806,-89.84048136026777,0
1039,39.71882212924533,-77.70676170909769,0
1040,38.61736328139334,-73.34398321997291,0
1041,30.339793724882316,-83.31148790376825,0
1042,32.1091964083614,-72.91025958736553,0
1043,39.787356217168295,-86.99983362857404,0
1044,31.998530681184633,-73.93054697900608,0
1045,30.12768240661326,-73.81300256243892,0
1046,36.584033468503236,-70.6406532475681,0
1047,32.75866237630955,-79.46680109588719,0
1048,31.38378480716056,-85.99654138348075,0
1049,34.70436562414558,-88.35134401557487,0
1050,34.71376069249396,-86.96774911914703,0
1051,35.3262052527074,-71.5123315786828,0
1052,30.698586846008734,-78.00555050414725,0
1053,30.443296815133785,-86.08220544524275,0
1054,34.970196360147575,-72.75175113046592,0
1055,38.66299385855875,-83.48415598650955,0
1056,38.02215217746735,-70.69952741517059,0
1057,34.37772472318885,-85.33230195497767,0
1058,39.87509057484133,-81.12609743907281,0
1059,38.6131200436548,-88.35652650833329,0
1060,33.77470480249774,-88.9070458868681,0
1061,30.123584232495013,-85.71137163285849,0
1062,32.25761765416562,-71.29559006251202,0
1063,35.38617139295529,-79.14477318616191,0
1064,35.010510356518886,-72.95247119362325,0
1065,37.625244626346515,-73.24195003052857,0
1066,39.193409146309946,-75.62462345006796,0
1067,36.49897812943699,-79.86185615643566,0
1068,31.23230979598954,-89.52358463294773,0
1069,31.780397400843015,-73.02306879268642,0
1070,34.05401382737141,-72.20167007301335,0
1071,30.28904923694521,-73.67320484169596,0
1072,35.27573764145437,-87.35258657723196,0
1073,36.274541530457945,-75.07440230275299,0
1074,35.318837803013174,-74.66126720002808,0
1075,32.62407445924342,-78.02753599451748,0
1076,36.86617646039719,-76.30068644134214,0
1077,37.14780544087034,-72.60179016390668,0
1078,33.10720558927183,-86.92131077500015,0
1079,31.58829536085331,-78.85876418496436,0
1080,36.405992631798675,-84.59269311145763,0
1081,38.004134668898175,-78.84646717088351,0
1082,34.46258169660302,-72.27598702083542,0
1083,37.237531818404996,-88.98322096996594,0
1084,30.583291074961487,-88.86705513413747,0
1085,31.071973856725613,-78.63422842125995,0
1086,31.744859910063198,-73.6431180245408,0
1087,38.4506099588226,-78.15914204243055,0
1088,30.36769207412162,-80.02647790215173,0
1089,30.93171271235203,-71.98611372056449,0
1090,32.50713569441053,-71.35835175565762,0
1091,35.46301431569073,-70.42795162526788,0
1092,37.36756922064098,-85.14804233347841,0
1093,35.78979848262938,-77.17015128655251,0
1094,39.50175617935625,-75.14811535988125,0
1095,36.17262719180432,-83.91767692652516,0
1096,31.057942469819224,-78.9507008759779,0
1097,36.49776652905379,-75.32427877085168,0
1098,37.91887621908537,-76.29320572512853,0
1099,34.79471658601283,-88.31460240500681,0
1100,32.405680702826366,-87.13701539618191,0
1101,32.582804051654804,-87.98234931865264,0
1102,34.57817406714606,-83.3790244856351,0
1103,38.82586686189643,-72.10928371131152,0
1104,35.38681264427513,-85.92961175453449,0
1105,31.890044141143033,-85.32223011504277,0
1106,32.01761367563918,-89.65623445027921,0
1107,32.80170929065784,-84.90919549374073,0
1108,36.76467876467965,-82.24448112222404,0
1109,35.592624195108044,-82.28880289735224,0
1110,34.21916884584809,-79.38120158466441,0
1111,35.342450235676885,-80.38384181257722,0
1112,36.120034715065586,-85.64410753693684,0
1113,34.86862921362517,-89.16814057647235,0
1114,34.31582982299407,-87.33390556296715,0
1115,38.49809338653899,-86.28652610850163,0
1116,39.42247315346662,-88.62385387105577,0
1117,37.41244982552217,-82.13072781464727,0
1118,35.49833973713426,-87.64296579098061,0
1119,35.64369052015305,-79.63415179523096,0
1120,35.51957343835112,-70.92869680877573,0
1121,32.85714704406699,-86.9638656089024,0
1122,36.85463411112256,-86.20637298849762,0
1123,35.08470348109033,-72.45743278706469,0
1124,37.819767065033616,-76.80313133554067,0
1125,33.838194700972885,-89.03564201480911,0
1126,38.662714675095266,-86.6120234887491,0
1127,38.34915517738543,-78.59050835949405,0
1128,33.8384663059061,-89.14325433718659,0
1129,34.07179201911484,-87.25676087807791,0
1130,37.88264219794905,-83.77817043835002,0
1131,32.246652077664436,-76.98536570737312,0
1132,36.486564387985304,-82.14847989024335,0
1133,31.73075734043924,-73.24521591577825,0
1134,39.580843260044574,-83.69770411636644,0
1135,38.94936181072284,-74.21772076592939,0
1136,33.21293472658056,-85.01196472865212,0
1137,37.88663704398588,-77.0629216761504,0
1138,38.77102174100945,-73.76193751535435,0
1139,31.047370677533223,-71.69636074671936,0
1140,39.37356932181804,-83.10466857480606,0
1141,37.942282907225874,-78.56207234561651,0
1142,32.33911708929718,-71.10547393891522,0
1143,38.378916890800895,-71.65329137035809,0
1144,32.545599273053256,-78.36810470456196,0
1145,32.55845075521471,-85.73531267871431,0
1146,33.26442520610214,-73.2721624338155,0
1147,31.704293025636705,-75.52240518220077,0
1148,33.714634703724094,-80.91232296102719,0
1149,34.72117603000328,-79.89244360251335,0
1150,39.70410348616044,-88.0744245485554,0
1151,31.641394300683615,-84.3531149275108,0
1152,37.68806327980217,-85.43375558615702,0
1153,36.64492628266792,-85.7143638227054,0
1154,32.28774084943646,-81.78138443624233,0
1155,32.428415852673034,-74.48478569566448,0
1156,34.582750289078014,-88.21201502351124,0
1157,30.608940081420734,-88.05951038409195,0
1158,38.43400662272186,-73.80943188913503,0
1159,30.697035849384683,-78.12074989332963,0
1160,32.57766690555469,-76.73224880527337,0
1161,36.29507928971707,-73.54542957230359,0
1162,30.914624041510073,-72.67296266813676,0
1163,31.589000429877952,-89.92178653164271,0
1164,35.54024318633495,-76.48831933696202,0
1165,30.91489803464565,-79.8013359465568,0
1166,30.293325556694228,-87.09228606778322,0
1167,32.05409975358422,-70.8956056371306,0
1168,32.77696165451055,-86.72449494965079,0
1169,32.36313729984346,-88.79996785259736,0
1170,35.374743456539235,-77.62706437346563,0
1171,31.05856910594715,-85.90710506720454,0
1172,37.30957573490188,-73.17967482702598,0
1173,38.74041650534963,-85.38801491597218,0
1174,33.37616280253877,-80.80452406013188,0
1175,39.42708640398403,-71.40627602330682,0
1176,31.568499121531904,-81.02634208453888,0
1177,33.13506489711988,-72.23933896305455,0
1178,35.66567475950367,-80.14199909658515,0
1179,39.432542519619176,-75.95697841583164,0
1180,32.619045128067974,-78.27858256870155,0
1181,37.904713388207156,-83.85774098373506,0
1182,31.80209865706766,-81.60272180392637,0
1183,37.23795242155057,-79.99246389082998,0
1184,31.852668607653023,-81.7941223618448,0
1185,31.37009107454044,-84.90867600006483,0
1186,31.30894000476336,-82.53517604575156,0
1187,37.00542865926611,-83.90673216341442,0
1188,33.255916140463434,-74.91935275502779,0
1189,38.75642745780888,-77.07960366428799,0
1190,35.91802634387887,-84.89403268347873,0
1191,30.22977358421396,-74.10642162729427,0
1192,30.970533000134367,-85.09410846346358,0
1193,35.249851372444425,-75.43493987959178,0
1194,35.30451101084289,-87.02850380924478,0
1195,37.56295485824469,-73.08543010451143,0
1196,34.49978521355877,-75.0879332851831,0
1197,38.26020106415535,-72.61770995933894,0
1198,30.534517268049104,-85.02006191582295,0
1199,34.923724112771616,-71.09727174110816,0
1200,34.963130289314435,-85.28819570643,0
1201,34.97383745425878,-80.20700607242233,0
1202,31.81341023906381,-78.96444223698772,0
1203,30.54803593465238,-80.92305457301661,0
1204,33.3945184394736,-76.68076797716414,0
1205,32.552011469911996,-85.60871433152673,0
1206,35.01967082691615,-87.26304293557604,0
1207,33.64491174161529,-73.16852466074529,0
1208,30.498889035095697,-79.9337574523082,0
1209,32.28039060914132,-74.21719243778783,0
1210,33.17177614455403,-73.45230035153865,0
1211,39.012414539724105,-78.77997235612801,0
1212,34.402460510618354,-82.16570205023832,0
1213,33.797531539416696,-81.06498005471245,0
1214,36.657372600998926,-77.63055670021019,0
1215,34.49834951640179,-73.91858266911194,0
1216,36.67853734982696,-82.1954325292025,0
1217,31.071793837771068,-77.70839081820496,0
1218,33.007927810148544,-89.47527505819562,0
1219,34.34073153135579,-84.89040971641677,0
1220,31.122323170615054,-71.99830274621266,0
1221,34.028266583626824,-77.48217700732013,0
1222,39.88148583551711,-78.99313073200929,0
1223,33.4322835462701,-82.0938129921501,0
1224,34.63213667622014,-84.67151760819554,0
1225,32.92185836731963,-86.15138863107896,0
1226,31.746100454484505,-81.56602780883516,0
1227,31.362123622086578,-82.22586335406719,0
1228,32.198536069779344,-70.55224777546064,0
1229,38.00792021456961,-70.37102318474192,0
1230,39.904060238368864,-88.19775329786775,0
1231,31.60062595556562,-85.10083786632615,0
1232,33.64423771776599,-85.49534026375304,0
1233,31.25562627165158,-77.1552131108541,0
1234,35.048220116093326,-87.16382805072381,0
1235,32.88170068755626,-75.57776174823178,0
1236,30.461762514308546,-75.85223165212535,0
1237,30.27212671676404,-82.86628327194867,0
1238,36.300176253938254,-86.72324753154714,0
1239,39.15707053631269,-72.45148871223746,0
1240,31.663743258720885,-86.42778613793541,0
1241,36.797100971477334,-80.98680558398827,0
1242,33.531886045169806,-78.17812457730138,0
1243,35.15758072020531,-73.22929649534922,0
1244,35.791933488423375,-81.29469034506373,0
1245,30.96016875375969,-89.16013642268324,0
1246,34.02680986451542,-85.53384901453305,0
1247,37.55314599155462,-77.90559355350472,0
1248,37.17664617079905,-87.29716096532626,0
1249,32.86942381065441,-86.7902839114148,0
1250,36.46847554659977,-79.26226955755024,0
1251,31.703355163703417,-88.29220950233284,0
1252,33.31497458964865,-88.09370493330381,0
1253,36.013755473790226,-70.73923747374917,0
1254,39.36295453860667,-83.36384719760629,0
1255,38.03926831653231,-70.4786287970745,0
1256,35.51978592482652,-84.47978600217562,0
1257,37.32466998280482,-86.46895071774422,0
1258,33.15765864811885,-78.73004503656152,0
1259,31.26590998173611,-77.08640624309241,0
1260,34.92382062042721,-85.65890737464481,0
1261,34.69048314348425,-72.24873777748925,0
1262,33.33175181777015,-78.53488653297936,0
1263,34.263987326403544,-83.57866118767657,0
1264,33.97081148604114,-73.19393618924163,0
1265,32.952081451200286,-72.76613122293044,0
1266,35.41831744952583,-72.88776689817705,0
1267,33.252993131892325,-87.11936619867275,0
1268,32.577108349742126,-80.96270935405305,0
1269,34.33188918166192,-84.70969913400624,0
1270,30.795412100925518,-89.68577055724977,0
1271,35.30844322646307,-86.15729795719957,0
1272,39.16995881264512,-81.62107806662466,0
1273,36.6582088405044,-85.04139460097889,0
1274,39.46324806425342,-80.92041052075034,0
1275,34.93656894488882,-71.19893071719352,0
1276,31.928561884173455,-87.01314325888166,0
1277,34.08619711885019,-87.6355992367263,0
1278,35.42471641960914,-82.4811810716717,0
1279,35.812016975851094,-76.0168148620234,0
1280,37.3920055462673,-81.1101907996635,0
1281,31.19589458184555,-84.89651988641015,0
1282,35.22068047726934,-75.78157324933028,0
1283,32.74460626955835,-73.97221717219783,0
1284,36.31890743518467,-89.46821696165341,0
1285,34.52242602760248,-73.05484243470582,0
1286,36.07017685015801,-87.17039440042878,0
1287,33.238384885460015,-82.91285779339628,0
1288,38.96912517553162,-83.85015599410497,0
1289,36.677531344111806,-72.65794406443868,0
1290,32.24121479157728,-71.78105689773243,0
1291,35.00757344806249,-83.81757791583401,0
1292,36.98925363073067,-76.44749733301386,0
1293,35.32784677321696,-83.19704142038725,0
1294,38.079468608618754,-73.55151423648917,0
1295,38.22827821154749,-80.02339594294257,0
1296,33.99659700742627,-77.1452377522975,0
1297,30.86006360104899,-80.22034424078792,0
1298,31.257273672310838,-81.11206561534,0
1299,32.76127427685997,-89.08060195640367,0
1300,34.52890555725307,-79.39857943975994,0
1301,36.24763768306114,-74.55130939529913,0
1302,36.68679683916885,-89.68674699268043,0
1303,35.575369691001676,-88.9179687599295,0
1304,39.55301832970671,-81.21060438390299,0
1305,34.23463018461507,-72.54548870382703,0
1306,38.07686044056399,-88.27506045620963,0
1307,39.73127926993021,-70.85013438809116,0
1308,32.31623513778835,-70.37209211980485,0
1309,36.37837342900424,-73.29755860556234,0
1310,30.696292305910205,-82.50260035553687,0
1311,35.08882869024856,-75.07379451584315,0
1312,38.39137824894566,-82.17407392487297,0
1313,30.756992820502642,-86.85341903137446,0
1314,39.9637305862118,-88.06132636550184,0
1315,39.71678693492965,-85.41014269460527,0
1316,38.36319123322671,-80.33883965005109,0
1317,34.853657088512406,-88.01760937645562,0
1318,33.08683687771937,-72.53775743708941,0
1319,39.89185169146928,-81.93444450285654,0
1320,36.92194223623918,-74.73483738643671,0
1321,35.27177944140992,-76.25465958611653,0
1322,33.60338408887609,-70.27186787569734,0
1323,30.8007970181062,-86.87732471233237,0
1324,36.34817271584678,-80.61642955925656,0
1325,38.04316460164079,-80.33570391361772,0
1326,35.817170833021734,-76.3035576339747,0
1327,38.024599556979524,-79.47931247560106,0
1328,37.27780791497508,-81.16345189142442,0
1329,32.17702271904186,-80.4236881430903,0
1330,39.81553789265235,-81.45224344170533,0
1331,35.31640599423755,-84.82017931507175,0
1332,37.45458182181407,-73.76194430505879,0
1333,37.85141751316388,-80.86759263075973,0
1334,39.77515197970726,-74.59343236429294,0
1335,35.69876193549409,-72.00685715198571,0
1336,36.001418114755246,-71.88852976080021,0
1337,38.56965416623039,-70.5971057968169,0
1338,32.523763575968076,-74.54506096048837,0
1339,36.58489695579272,-71.32700804187382,0
1340,35.869554765052634,-83.55911180515027,0
1341,32.0809674861594,-84.56160355821308,0
1342,32.278228436249,-87.41683365629159,0
1343,30.22499081451594,-87.15447397696502,0
1344,33.6420000802667,-82.25457636052819,0
1345,30.214686496532188,-79.38003518835926,0
1346,34.84816333219649,-75.00667893194989,0
1347,35.16552841063901,-85.45864149061457,0
1348,30.271554089624637,-87.68299476512965,0
1349,35.13662692933263,-82.35791976346644,0
1350,38.624511226418505,-76.16909730636091,0
1351,32.34905078158811,-70.82002251494642,0
1352,35.257381697981835,-88.18829917517446,0
1353,37.51110768435707,-89.72770805994698,0
1354,31.763924551086443,-87.80675681580571,0
1355,32.92424119110786,-70.13978843148966,0
1356,36.60163981332363,-71.82005516453913,0
1357,33.11790570093508,-84.17890270995696,0
1358,37.7389480112835,-82.51576302897186,0
1359,39.23410617617517,-76.88844113800293,0
1360,39.26028013925745,-81.90066383061198,0
1361,32.46033925101541,-77.03639438499552,0
1362,39.77995270466357,-71.5273903861773,0
1363,33.303009856431565,-87.34931188753248,0
1364,35.480804368025424,-89.06729858586183,0
1365,38.09894514113878,-89.5117981667022,0
1366,38.2159774316909,-80.52492999741864,0
1367,36.9033395776305,-87.9581790880144,0
1368,35.24384610732187,-77.00503116821262,0
1369,36.37745792457249,-79.57707782322787,0
1370,35.925415884693486,-80.32010008543,0
1371,32.53005234568794,-72.05584481651695,0
1372,34.02591519774414,-71.18684944058592,0
1373,38.008533957077624,-75.44625961455323,0
1374,39.54798100458785,-84.63393852830343,0
1375,34.81510289153228,-72.72472448762339,0
1376,31.735599619668903,-86.80269076566462,0
1377,35.04642225104663,-71.05776347847738,0
1378,30.931432583409038,-74.86287100773507,0
1379,38.26343518724479,-83.43777374743765,0
1380,35.068163148124405,-85.15964934347146,0
1381,35.03180024608579,-72.33605160273312,0
1382,38.31237434743569,-70.68988599554427,0
1383,35.51803495752305,-88.06322628986065,0
1384,39.217420385383846,-75.97803863828048,0
1385,33.68609808558142,-77.09519995760304,0
1386,32.317020452043735,-89.1793985219415,0
1387,32.51092822377804,-83.28813004827231,0
1388,30.083467527215976,-87.423138656272,0
1389,32.23449382509483,-87.73777531513423,0
1390,31.703247173808936,-76.37825997562356,0
1391,39.872308712754446,-75.83527898448455,0
1392,37.59989042735535,-81.3371421269606,0
1393,37.36980006144376,-78.65825414381173,0
1394,35.20615969953487,-76.7778745252977,0
1395,36.0212541310685,-70.50864316606328,0
1396,35.06480581043678,-72.57160525912984,0
1397,32.4567302530543,-80.68101546498158,0
1398,36.3990254903909,-89.637827859715,0
1399,34.29776503349376,-75.71055508893987,0
1400,39.63163773386621,-71.30442241906374,0
1401,39.52583487214163,-86.0433844659597,0
1402,39.15423634081846,-83.235823617785,0
1403,34.27245098716605,-72.13155131905818,0
1404,37.18789268984626,-71.77738472804114,0
1405,34.72836515750157,-75.5017256016377,0
1406,38.05011796817555,-87.45090302000587,0
1407,31.469967594392813,-73.29624210232485,0
1408,34.01522309835282,-72.28149405600216,0
1409,30.730100302399528,-85.02848166530802,0
1410,37.6065008523975,-85.13173783800232,0
1411,39.61192237673585,-78.35543909466588,0
1412,36.427437627829676,-88.54508168958992,0
1413,39.7094791695243,-84.66108133260381,0
1414,32.45499664096499,-78.40073236569664,0
1415,31.956143081894542,-89.59861672819285,0
1416,37.90765305930182,-70.23383053197168,0
1417,33.75644287276854,-82.4106977226823,0
1418,37.89833725382452,-85.31822115209005,0
1419,33.451490892989455,-84.28665219313827,0
1420,30.37925663857611,-73.99341746334044,0
1421,36.115981356354844,-70.22195747535874,0
1422,30.881401034839982,-88.44019033193565,0
1423,31.861331822323812,-81.58791134283592,0
1424,39.31546644063002,-78.1420092371972,0
1425,30.01245156569882,-86.16773427284477,0
1426,32.20988283751737,-89.95784295555833,0
1427,31.06853664544586,-76.3294869414915,0
1428,34.57653962192706,-84.25122926513002,0
1429,33.43809110055636,-83.09429938972573,0
1430,36.15216792740795,-75.83850222199655,0
1431,39.32402498556322,-84.44299955773752,0
1432,33.28146357084534,-85.08857764676169,0
1433,36.89176138887326,-89.9442761213124,0
1434,33.73491652527568,-86.64593544727398,0
1435,30.339965727182786,-80.28957786659483,0
1436,31.29156555774542,-79.79790347408826,0
1437,38.02399664423929,-73.0814294847183,0
1438,38.09117622697947,-73.33034638729458,0
1439,33.327631263880185,-84.34248402656335,0
1440,35.16072228990447,-78.24508472599939,0
1441,34.74217031959454,-81.87173474919466,0
1442,38.9816087308206,-78.44819574266518,0
1443,31.787552190494296,-74.8047381933769,0
1444,32.56227867472795,-77.47646768364072,0
1445,39.10793323080704,-75.27988671212925,0
1446,39.811990720839376,-75.60936697757859,0
1447,39.86789712879702,-76.52518388576995,0
1448,38.074913538185015,-81.37433109690849,0
1449,38.434626601416696,-70.55612326064256,0
1450,31.48306115586818,-85.79166628631685,0
1451,36.990045914960504,-87.43668457822277,0
1452,37.296663596305116,-71.06870448354576,0
1453,37.92633349962664,-84.24582423498381,0
1454,37.9956048817278,-80.74265413496843,0
1455,35.2133970628622,-79.19103773788854,0
1456,32.44759481332133,-80.74235449415087,0
1457,33.84134071211196,-86.16389468664218,0
1458,35.39566321081567,-71.22047456025095,0
1459,36.49073932436903,-81.23655245325376,0
1460,36.119150890075666,-70.71672870474703,0
1461,37.35405467696657,-74.96188433454164,0
1462,33.01785864437737,-84.34742163393273,0
1463,30.39784890376754,-83.26563778354925,0
1464,35.093181652212834,-73.91510680441583,0
1465,35.657117336405236,-72.21062478549615,0
1466,32.27519732401758,-72.63879428223863,0
1467,35.955525316571816,-71.86374231339187,0
1468,30.320343168108195,-87.84856967041756,0
1469,33.34487799637602,-88.03812146916249,0
1470,39.42677469078316,-86.31484541449525,0
1471,35.81953419629008,-85.6451781483511,0
1472,36.79050550501502,-72.7714487918134,0
1473,38.53626064052564,-85.47897375972998,0
1474,36.62287051535851,-83.62773683089449,0
1475,37.18331871706069,-77.84140256594414,0
1476,38.974621794108295,-87.16520454069094,0
1477,37.93227853001512,-84.67163908593974,0
1478,32.67807267158454,-73.86595182812655,0
1479,31.894275724046217,-86.11865511570703,0
1480,38.596437505728325,-70.97541877809988,0
1481,35.8600102357316,-77.85081873020665,0
1482,36.123225807806485,-89.40087820774113,0
1483,32.07628220510213,-74.46856026491443,0
1484,33.91129060094455,-78.06608487638071,0
1485,39.643199407321646,-88.04655337357116,0
1486,30.34126743467273,-81.46188052233987,0
1487,30.09909929171049,-84.18789899384458,0
1488,33.95719685723911,-84.32377615398825,0
1489,37.90558401295946,-70.70122859917525,0
1490,34.333052102113484,-85.60162679603138,0
1491,31.95209268735624,-77.93060448707823,0
1492,32.65006315691132,-80.6061090026078,0
1493,30.354903054217623,-72.5945539385169,0
1494,35.09076715646115,-86.71519854479148,0
1495,33.67911948887863,-80.73755017221072,0
1496,35.92866523771927,-82.67658164561914,0
1497,35.14065103615799,-85.89424836324521,0
1498,33.89309480401105,-77.77452791960191,0
1499,34.6002703457643,-72.88352418705621,0
1500,31.536022343235636,-84.06195749098984,0
1501,30.294400002665363,-88.73712672429987,0
1502,30.459164469352494,-76.50711264702444,0
1503,30.82847414034118,-70.8997066522961,0
1504,39.724893203370186,-87.00723350740618,0
1505,33.07552397400039,-74.48163999339857,0
1506,34.11575274132039,-78.29710724807431,0
1507,30.307707923463,-85.80459304717324,0
1508,34.53879447474093,-71.75727979972288,0
1509,30.751566976316546,-83.21653284770895,0
1510,30.057024789067494,-73.08646325690188,0
1511,33.29137424647345,-73.67890844176347,0
1512,31.59262466610462,-75.65162072621025,0
1513,37.67693393672307,-71.08497290593667,0
1514,35.808702600092545,-89.88768447678396,0
1515,37.41058689138931,-72.73710077948753,0
1516,32.724970213874464,-83.67489460814414,0
1517,32.46070594080612,-83.0009808363921,0
1518,30.607692831316054,-71.53936083491104,0
1519,33.45821012623682,-76.77647157667087,0
1520,38.63971658237011,-89.58411287933288,0
1521,32.03468575517166,-74.85463304527036,0
1522,34.457312903843295,-75.3278120313682,0
1523,37.70977597860053,-80.83643517704566,0
1524,38.319678837235074,-87.96443480826947,0
1525,31.30372363376491,-89.79397406551803,0
1526,33.17250616663952,-71.1105642831962,0
1527,34.92357272329992,-89.99184390759837,0
1528,32.12753351884287,-70.07578029015816,0
1529,35.56505041206511,-85.92226426262751,0
1530,33.156649241744006,-71.04500864067647,0
1531,30.317720059048177,-73.7452206434618,0
1532,36.76247698135348,-72.55392025096442,0
1533,38.927350388333394,-88.30319594299723,0
1534,39.01660736379306,-86.43087785004725,0
1535,37.97247227953115,-72.11683260369243,0
1536,34.807779165920294,-70.72976376524936,0
1537,34.488218641894186,-87.43534280107568,0
1538,36.06539752230458,-76.57055065460668,0
1539,35.617305770839494,-84.5652949661305,0
1540,36.94807333926168,-85.12716080779629,0
1541,32.850153845802524,-89.59796137784693,0
1542,34.09943300385855,-86.08575756462304,0
1543,36.13034103945638,-87.47572291661517,0
1544,38.375284971139,-77.58643716779807,0
1545,39.93017348031322,-88.63191221458628,0
1546,37.430509803585586,-74.51149132581794,0
1547,30.687741096024677,-71.1710778255959,0
1548,39.59216931168397,-83.7625137159687,0
1549,33.35575122107198,-73.76133907850829,0
1550,37.76972278786427,-80.82724876416846,0
1551,37.99540940300675,-81.75833300652141,0
1552,38.73067541232046,-87.05083940722471,0
1553,32.39334978915885,-81.34585169948936,0
1554,31.547909512720803,-79.08990106629808,0
1555,36.446818275867095,-83.98251758118457,0
1556,33.57469278535545,-83.9958543071314,0
1557,39.178187826135044,-71.65194635854903,0
1558,35.03835345148879,-74.59464594209314,0
1559,30.000410207831077,-87.53581553503174,0
1560,33.52727328912028,-83.72726141148188,0
1561,38.992606144679705,-82.10410401334545,0
1562,38.35817293035139,-76.36342117289112,0
1563,39.36868199832318,-74.1308677069823,0
1564,30.12062156977921,-78.8592276735838,0
1565,31.869802539940743,-84.78857111800417,0
1566,34.4128469996411,-84.97643466417941,0
1567,36.58228128044523,-74.05608300897053,0
1568,34.95687151639043,-76.48032857992554,0
1569,38.274906463488385,-79.88665803198569,0
1570,31.181235119103953,-87.89210754879764,0
1571,30.768460656741134,-76.94532722459061,0
1572,38.86042347131885,-80.44066663955515,0
1573,39.02303666379109,-86.4219841164913,0
1574,31.780320365068373,-78.75138319383925,0
1575,37.86325867035203,-72.49167400169867,0
1576,37.26843030987565,-77.61793413467245,0
1577,35.654521903233096,-85.44485249795139,0
1578,34.12014316734374,-81.12269706316313,0
1579,37.36947440667536,-78.34811646061476,0
1580,30.522209131787356,-86.19198862766622,0
1581,39.41237815865452,-87.63986692844736,0
1582,37.68397940847133,-78.12320003741561,0
1583,39.203557073309696,-70.1191674219563,0
1584,35.613141739920046,-76.92939801168214,0
1585,34.36711169617088,-76.4593039356629,0
1586,39.853512133147056,-72.23538117450056,0
1587,37.49099963643032,-84.993631614818,0
1588,36.11752363321866,-74.4138390363937,0
1589,34.47460772229323,-72.13310704860294,0
1590,34.86806394699968,-71.0605130460463,0
1591,39.13699869796374,-82.8677205853839,0
1592,36.44354876627821,-83.1474418012014,0
1593,35.76461066421534,-84.4360357360537,0
1594,34.70037296685117,-80.91812433992838,0
1595,39.775767564573925,-89.19653718889606,0
1596,32.352044529351936,-86.23018438283822,0
1597,32.74735262853952,-85.76013264064416,0
1598,30.86770065778544,-82.05149964643851,0
1599,34.48778363117685,-77.51159339568986,0
1600,33.6814232819058,-84.00820227966172,0
1601,36.46114593902462,-86.76123239721466,0
1602,35.56728198763748,-70.15718544228233,0
1603,34.937054248915494,-73.65737424376955,0
1604,34.66124718043168,-72.73511067309475,0
1605,31.137835546322428,-77.14301529332425,0
1606,38.26369565549434,-79.4278603492734,0
1607,36.508123114337046,-72.17691593625166,0
1608,33.47610134926083,-70.4021818165757,0
1609,30.447312531607263,-73.58212197965055,0
1610,39.62528786370994,-79.12243085808281,0
1611,34.1149450310326,-70.92820717037847,0
1612,38.029273037909114,-84.75328606976302,0
1613,35.81359576676663,-88.12963914521308,0
1614,38.84866032284586,-89.25924817170898,0
1615,38.7946755656327,-86.109793822444,0
1616,32.6023173900899,-82.12597143676176,0
1617,39.671669421011785,-82.98106759298446,0
1618,38.44126070143931,-76.39808371908082,0
1619,35.64309429582455,-85.02213792512912,0
1620,36.30690225568168,-76.8649519223323,0
1621,39.99642789167393,-88.29776027886398,0
1622,37.42818220970345,-80.51193928198391,0
1623,34.87446780482608,-79.47578057474226,0
1624,30.98410010752705,-79.68349188047297,0
1625,33.22229495001142,-81.47156707436606,0
1626,35.83380116248149,-70.67046020003389,0
1627,35.5785093594715,-79.62208554331521,0
1628,37.40207401816035,-74.84074679446908,0
1629,35.50562598602593,-77.25115448095153,0
1630,36.26303689929386,-86.42244494318304,0
1631,32.53229673200457,-78.63807417621648,0
1632,32.01507704420543,-80.64487080954572,0
1633,30.357448741324617,-72.43478677458589,0
1634,37.17966765777185,-73.34449520438412,0
1635,33.39679685791206,-76.35470920309534,0
1636,30.09102670436923,-87.87039731957152,0
1637,32.85310308218568,-71.91453363831633,0
1638,34.78132923687367,-80.44813088746736,0
1639,35.32607466990947,-74.46768238907072,0
1640,39.21785631819384,-87.87411018380098,0
1641,31.94236334006056,-76.20949072584855,0
1642,38.61951082021926,-77.66926579842307,0
1643,33.36449830527608,-78.02241257337431,0
1644,30.880394081015446,-84.44419535918679,0
1645,35.48029189102407,-82.79736666450465,0
1646,37.11882349943447,-87.38893645678303,0
1647,38.0495078535952,-72.85653911786777,0
1648,31.676049465150022,-87.31895878339252,0
1649,33.26846022356967,-81.20067220486227,0
1650,37.88858760189192,-86.33260942327635,0
1651,30.521638816752574,-75.13202788795425,0
1652,35.03363363331257,-77.63120051806227,0
1653,31.24698714844397,-80.78259315280134,0
1654,32.39116423353826,-72.92129474296225,0
1655,33.682069917235374,-70.38931431423583,0
1656,35.48669448053701,-73.72148137356773,0
1657,32.145251512585794,-71.14538437691871,0
1658,38.544551556012244,-70.14139513072715,0
1659,30.504014590631225,-72.90061196807955,0
1660,35.978641587465845,-88.84381764573584,0
1661,34.07198978548039,-70.93174940551248,0
1662,35.31956534763473,-73.08246454474227,0
1663,30.91098870764727,-77.74927867162052,0
1664,39.68901724789619,-84.23636150538896,0
1665,32.236154668517045,-79.38724493117765,0
1666,37.56169482213742,-74.50702729215058,0
1667,31.83914942680014,-75.23252171553453,0
1668,31.79732972038431,-71.54208251053375,0
1669,30.64708270882707,-88.31985611030733,0
1670,37.21883315509975,-83.05398663212455,0
1671,33.824021879183974,-88.22752813298092,0
1672,30.869653090589875,-79.42740736816283,0
1673,36.68796792956294,-71.80290600581814,0
1674,32.38545398720578,-78.24581575473361,0
1675,33.36523980201985,-86.8025814968961,0
1676,38.578818796411326,-88.92688719419121,0
1677,33.20505103495783,-88.20510720093404,0
1678,30.027107358261375,-85.89648304593031,0
1679,39.80126059115812,-75.1387826885638,0
1680,36.6786154880188,-86.36005918877507,0
1681,39.619467542651655,-71.86576649014835,0
1682,31.409457294099056,-86.56571887000266,0
1683,33.695932215846234,-72.51601997087472,0
1684,38.44919053185077,-83.48387043299999,0
1685,39.450246306277506,-89.1382866228985,0
1686,39.105125030231115,-84.62469191160542,0
1687,37.954996653646845,-83.12522095121847,0
1688,32.94159895046526,-75.49495872328183,0
1689,33.19536471912229,-72.6329819099786,0
1690,35.137905502587884,-73.66603260067436,0
1691,36.412183977197984,-75.97660058018425,0
1692,31.99913285836478,-82.69233346762164,0
1693,33.19815762302436,-78.7305212869833,0
1694,36.5913599307942,-88.45947934816618,0
1695,36.554343770299724,-75.4046654745593,0
1696,39.80991334516637,-79.74874968972263,0
1697,39.122842576329774,-73.17845003616463,0
1698,30.72725205053375,-85.00743311666204,0
1699,33.30004922901124,-72.04959620307498,0
1700,30.294592036159283,-87.92314185106605,0
1701,35.69255408979102,-88.8901638581334,0
1702,34.75687666598378,-70.33714362089216,0
1703,37.69429549643187,-84.15383305456989,0
1704,30.11336345465363,-77.6727445623203,0
1705,37.51710040607978,-82.77412765294542,0
1706,34.07205722391552,-83.26100365761528,0
1707,30.44376550661903,-86.41012100919643,0
1708,32.91924745160792,-74.21869868485676,0
1709,31.131252146911134,-86.03335008116572,0
1710,39.213606375885554,-81.31138394386176,0
1711,35.74369120429306,-82.68776820823973,0
1712,37.6246922598939,-73.77133833156027,0
1713,34.404819861647525,-83.66079858870579,0
1714,33.994216292962946,-72.22493901694783,0
1715,31.78427163544122,-74.71341545332369,0
1716,37.458464758104014,-71.00925729854984,0
1717,39.334121894365666,-87.12587141901476,0
1718,33.860170046770726,-81.76034794935897,0
1719,32.80080837008151,-72.96019486698887,0
1720,34.51596942082876,-88.92742674107201,0
1721,37.0307646590252,-83.20932397382522,0
1722,39.113840499642436,-72.70746680503088,0
1723,38.32834839957896,-78.5168097960029,0
1724,39.06824756237292,-88.14293718844041,0
1725,30.038250754490093,-70.67015152997779,0
1726,33.899199030853715,-77.86771527996308,0
1727,38.807907235299524,-83.58346044033415,0
1728,38.09226324460337,-73.56597617345685,0
1729,39.59178364662941,-87.48679783754314,0
1730,36.90342810824146,-83.6830612469012,0
1731,36.69615718129388,-81.50276973313697,0
1732,31.41780624307198,-89.00009937745304,0
1733,39.790565895079,-73.02936308436318,0
1734,39.749181970379574,-87.95384554653779,0
1735,34.23887275859058,-88.41412286430446,0
1736,30.713067623595002,-75.52509754791639,0
1737,35.1675219045931,-85.20258176524403,0
1738,31.481819404609432,-84.17548248332422,0
1739,37.44014797825332,-88.82021856883956,0
1740,33.25450293720336,-73.83274435186084,0
1741,37.566277239221264,-78.57678765346881,0
1742,35.9843196272263,-78.87911650766502,0
1743,36.3383009303769,-84.39949074084092,0
1744,39.28969365010899,-87.80103709104061,0
1745,34.998892979845124,-71.48599918095478,0
1746,31.502187897190463,-83.03086346021779,0
1747,34.82069724044649,-83.84795675364144,0
1748,32.235067954917724,-87.32742848530452,0
1749,36.28695278303823,-78.81998656649884,0
1750,30.62075487885005,-82.74648176423439,0
1751,32.32299925072708,-88.37899466348775,0
1752,32.39477975674131,-80.21045694075467,0
1753,33.69871639705311,-71.50409937737744,0
1754,35.97445054948089,-76.2272283216883,0
1755,34.271206039013585,-85.96339920539373,0
1756,31.44986707806827,-83.3627564944411,0
1757,33.04315705184523,-72.46462209549816,0
1758,34.363327712354845,-79.91777270705208,0
1759,39.83671116622818,-78.49337510694453,0
1760,30.393953429817167,-84.70664226224474,0
1761,35.33634904295991,-73.93233792021331,0
1762,39.0541666922986,-86.6691644192015,0
1763,30.702805055618867,-81.827411563816,0
1764,32.10137698893206,-79.64231945086823,0
1765,32.45563380075252,-88.98673205946265,0
1766,32.96396741907027,-72.17680658801532,0
1767,33.600724114085644,-72.87484058863356,0
1768,31.781775663822298,-80.51328020763205,0
1769,31.26178672636009,-88.12061748746305,0
1770,34.79002473171115,-71.04723351294548,0
1771,34.101133221732404,-86.55508543992555,0
1772,37.5325077120837,-78.60088493053493,0
1773,35.09104719274406,-81.9224749330957,0
1774,31.06390756408693,-78.9072418856111,0
1775,37.13999253936764,-84.37573814968249,0
1776,34.33195077857954,-85.11608042238609,0
1777,33.64443339756562,-78.07158094576953,0
1778,33.39590433696602,-87.7581696092903,0
1779,30.30346198392401,-77.00543812380471,0
1780,37.24687301012863,-71.32432346604578,0
1781,30.270445317662414,-73.77594887649401,0
1782,30.15788946352521,-76.13515082493775,0
1783,30.84437556124324,-81.74521034742702,0
1784,32.62604404087863,-72.60963440014284,0
1785,38.62801778410167,-85.41781627743467,0
1786,34.33320687653085,-82.65315763696088,0
1787,34.962222881755366,-77.18217422304889,0
1788,30.301695176146282,-80.5631374810229,0
1789,37.92710786004946,-73.36449813059517,0
1790,32.98443109530015,-88.78789236470234,0
1791,31.090399427750853,-71.3767908142384,0
1792,35.15988342055338,-76.20218597718636,0
1793,33.793219129105424,-86.51527369347863,0
1794,32.72870980543695,-73.03370647196024,0
1795,39.09922539355301,-71.80528351020875,0
1796,38.45351682846662,-82.77511688080367,0
1797,31.901368132562705,-73.64593518751495,0
1798,32.52347971490282,-82.19374241750197,0
1799,31.29609023530965,-70.23380808963405,0
1800,39.371833000242624,-75.73812245804628,0
1801,36.66349137146259,-73.30488131686633,0
1802,34.76815807440916,-77.71649820292953,0
1803,35.43914504793814,-73.41515594334216,0
1804,35.23002608605559,-75.75306958550013,0
1805,34.874421213776266,-88.8179051561329,0
1806,31.42784531603563,-85.35203651873925,0
1807,34.86404118675772,-72.88186943431076,0
1808,34.69194078376165,-76.1302093850424,0
1809,38.12444943197832,-84.24378529055878,0
1810,37.35902478077492,-77.35935245870809,0
1811,36.21043734594309,-88.29635228462772,0
1812,36.535214583785304,-78.549246299858,0
1813,30.10311281207577,-87.88364038650856,0
1814,38.439312451157164,-71.79583684151243,0
1815,34.93984161181698,-85.6122025150173,0
1816,34.62066882448829,-84.51676777274525,0
1817,37.52056877271916,-88.64467503356977,0
1818,34.61798202713215,-85.80263042816553,0
1819,39.32480760625501,-86.70065376383653,0
1820,32.74811237974408,-82.65358145391508,0
1821,30.65949079335489,-70.21520939313842,0
1822,33.66531855548583,-88.60866686098724,0
1823,34.647409182749634,-85.8426468148307,0
1824,35.88563892075974,-88.71487499043303,0
1825,38.09886887900092,-73.1871532712707,0
1826,30.005723739716903,-74.1013738780652,0
1827,34.711802024318935,-79.37781370807812,0
1828,39.058555811386974,-76.29664165848884,0
1829,34.54585890574175,-80.46782545619745,0
1830,37.708971055961335,-82.88256510646991,0
1831,32.462548910290735,-74.81978713318298,0
1832,32.924056032296065,-88.57738026617392,0
1833,35.20054250809902,-89.97411464686816,0
1834,37.16397076816331,-78.98664950781279,0
1835,32.16195598599836,-86.21128834137257,0
1836,35.91210638749543,-71.18270309564676,0
1837,37.1033052425425,-80.79935565657976,0
1838,33.8356637050418,-86.15305509797076,0
1839,34.57635760217133,-86.8218560523053,0
1840,38.22097393630069,-79.91325589017185,0
1841,33.73787090341352,-88.14291307294866,0
1842,33.29843565754691,-72.47848355643568,0
1843,38.935315364108405,-76.9437282910271,0
1844,33.61661767880544,-87.25670959443966,0
1845,39.64701054063699,-76.6705141901059,0
1846,38.377446565385924,-72.58484688693393,0
1847,33.1659825080974,-89.95571627247648,0
1848,39.781408748450865,-70.01807722466664,0
1849,30.544467336686445,-82.01426271217467,0
1850,38.20397114437826,-76.88460684732225,0
1851,36.79693133703858,-89.21713041305256,0
1852,32.81399046690976,-87.3301882593183,0
1853,35.37379641870981,-71.96948146786106,0
1854,37.254508907817026,-79.89799518681086,0
1855,34.855977603004554,-79.26271015681449,0
1856,30.170286460374726,-87.79849037335124,0
1857,33.75404659025215,-87.32921831431337,0
1858,35.40121492418378,-86.97270352787196,0
1859,35.666872726456944,-80.9547461398318,0
1860,35.11053787190318,-85.66706227457631,0
1861,34.77695312721662,-78.6518843693946,0
1862,35.92922143762768,-86.14092229392155,0
1863,34.0595900761823,-76.02478734159699,0
1864,30.613765124188546,-75.9631531850109,0
1865,35.21945433136512,-87.16150482331292,0
1866,36.46974239835524,-75.16272804222604,0
1867,39.4288617163127,-86.18180933502067,0
1868,37.813147408449204,-75.87716505587514,0
1869,30.093025443845388,-71.6787167588449,0
1870,39.48859216427663,-89.0937121363283,0
1871,38.73729834532305,-72.99825987342292,0
1872,33.352403483926224,-71.58949771218822,0
1873,33.892204033599874,-88.07901906320602,0
1874,32.2177060404413,-72.27547723748314,0
1875,32.96075825311897,-75.16345518960935,0
1876,36.85851518437128,-89.79971261738638,0
1877,38.42639449583698,-81.29887540010583,0
1878,30.7718070790538,-77.15479379893021,0
1879,38.96956071570279,-70.28444341739535,0
1880,35.723396798419074,-85.90623649460639,0
1881,36.77499144821424,-86.88982381753402,0
1882,32.130751677086195,-79.05479224584352,0
1883,37.54286300021514,-88.05169471359775,0
1884,39.62739150331943,-79.76323839808063,0
1885,37.65821648893952,-87.90339747263765,0
1886,32.30946674030273,-74.15197569602715,0
1887,39.774578741051315,-82.95528764275258,0
1888,35.07834134284815,-72.00441689996008,0
1889,37.10854971473338,-75.08751520054534,0
1890,39.795804704520044,-85.66945926911743,0
1891,38.012945041403434,-72.1168067564017,0
1892,31.134048903042576,-73.99010102679615,0
1893,36.83192971916531,-73.43401987755858,0
1894,30.521012175837257,-87.42705717604646,0
1895,31.505802536685906,-84.80978962226907,0
1896,30.620072080255845,-76.65015140093983,0
1897,37.3717514281731,-77.83587949810685,0
1898,35.6629897582877,-87.06800055687073,0
1899,35.52397046759669,-77.49005028069108,0
1900,30.730193367800183,-82.46407211438013,0
1901,35.58975100157235,-84.79483447126889,0
1902,30.78625765440479,-78.59993759773259,0
1903,34.1024937956212,-86.04577199298679,0
1904,37.342871585020546,-74.7969903637651,0
1905,37.51275313376868,-76.57952418646786,0
1906,31.685810182788337,-89.59627720066969,0
1907,32.52402807156378,-82.22406065483618,0
1908,32.21215708533525,-78.94618538076558,0
1909,36.27349940150331,-87.94831967149483,0
1910,36.46534023546705,-73.29307111175137,0
1911,39.52243975867375,-78.78935035634638,0
1912,35.59254915175148,-70.33118266897614,0
1913,34.423552434300014,-85.51721400678818,0
1914,37.585822196168486,-73.67256011405622,0
1915,39.99002381567798,-81.06238576213359,0
1916,32.173281638608145,-88.32070845417485,0
1917,38.38935454873539,-82.5656513819992,0
1918,38.632258961515156,-83.10935477729709,0
1919,30.892601401435627,-88.7937003279721,0
1920,31.75915639564622,-81.53808219259719,0
1921,35.01915038964392,-70.46249990421875,0
1922,35.70371317255023,-76.18887336217591,0
1923,35.481309169009386,-73.00334214167391,0
1924,39.55970851236733,-71.07818211039722,0
1925,39.32607372203776,-84.29232356496411,0
1926,33.023579062591004,-77.84666386464271,0
1927,32.57134941693451,-76.93745077880435,0
1928,31.224724094923,-71.09132024126305,0
1929,33.15225217182851,-72.0611088804879,0
1930,37.259634356606696,-73.12393027859456,0
1931,31.0617497797384,-79.13207565623983,0
1932,36.0237992500744,-87.55353082306989,0
1933,33.8239242893923,-84.14534362007406,0
1934,32.85980604287452,-85.71515925841572,0
1935,37.57405089144328,-89.95736218856537,0
1936,30.89058448130361,-81.2229011515851,0
1937,39.42150519695296,-88.46262256210737,0
1938,37.46687263394288,-73.58502379858592,0
1939,37.67039904663615,-71.19172639297139,0
1940,36.77347794142932,-76.58444341433386,0
1941,32.0918797680754,-83.86125131683225,0
1942,31.654502837763616,-77.05481778153924,0
1943,36.043766646586924,-87.149025813544,0
1944,39.1097266306139,-74.37020651843173,0
1945,34.67156601822654,-79.67785722773972,0
1946,30.114892784032634,-75.72292331959882,0
1947,32.5800369228251,-87.08280274575944,0
1948,33.20134502148398,-81.48001046832282,0
1949,36.65430103556149,-77.23013138304702,0
1950,36.42020222809316,-80.09361790110258,0
1951,30.467442550144284,-80.14448576798208,0
1952,35.11387034291826,-81.26644331560536,0
1953,38.53931070657907,-72.94086998078593,0
1954,33.72655219679182,-78.66019861042886,0
1955,33.19488586687852,-76.8222323824913,0
1956,31.889850315978684,-75.60069437152929,0
1957,34.89592275515635,-71.66773057155469,0
1958,35.586504013848575,-85.89627073802889,0
1959,36.87670001693791,-74.45864196069016,0
1960,36.82841978178264,-79.42682460912366,0
1961,38.59844692242133,-84.42223777931099,0
1962,37.36765808442907,-88.81420018453063,0
1963,35.04398199484302,-73.55770034689023,0
1964,33.674207687755285,-70.54231712477139,0
1965,39.461231197451134,-71.97860377146404,0
1966,30.850811477062685,-72.3930168089558,0
1967,35.380977132300664,-87.38617469109374,0
1968,36.65058105346589,-72.02289164604045,0
1969,35.213808036751374,-76.09553045959849,0
1970,30.31531979567323,-82.79009954688293,0
1971,34.824201038763405,-73.13729875136434,0
1972,34.94569841339156,-80.56152515956508,0
1973,35.043563258491425,-73.60798621818226,0
1974,31.476980458831044,-79.28617817625354,0
1975,36.94834733840599,-82.12956750266214,0
1976,34.303005637239494,-78.02010356824378,0
1977,33.11800644494557,-70.40508463980194,0
1978,37.15388229010032,-84.23338681930647,0
1979,33.82416084230482,-70.0618759577663,0
1980,38.623716153519496,-75.71871460664994,0
1981,39.735159254607126,-73.9194879624101,0
1982,30.55349449963389,-87.89990945942293,0
1983,36.978862412027944,-86.76908209265152,0
1984,30.06564415767816,-73.247169943285,0
1985,38.943559171944,-72.41419948798216,0
1986,32.02359033274794,-80.98994844729194,0
1987,34.023957329127775,-82.6306774302388,0
1988,38.670517999086506,-70.70397020170142,0
1989,36.35261492536194,-80.42021929274524,0
1990,31.514214106937104,-81.71272254430016,0
1991,39.275570028254165,-86.77090300292697,0
1992,34.94666423905451,-74.01418628433643,0
1993,32.915348911684724,-85.53545481828523,0
1994,35.78872588897244,-83.02723594099585,0
1995,37.25687583312856,-77.13545290628234,0
1996,39.075222735961525,-84.46908336554407,0
1997,35.37649713727385,-70.13410331325274,0
1998,38.25493688279181,-70.66311412989513,0
1999,38.7051864276265,-85.5759094672153,0
